Workbook

Sheet MACRO EXCEL
A1: ID | B1: REVISION | C1: FECHA.REVISION | D1: TIEMPO.ENTRE.REVISIONES | E1: NOMBRE | F1: PACIENTE | G1: FECHA.NACIMIENTO | H1: EDAD | I1: INTERVALO.EDAD | J1: SEXO | K1: OJO | L1: MANO.DOMINANTE | M1: OJO.DOMINANTE | N1: DOMINANCIA.OJO.MANO | O1: MANO DOMINANTE valor | P1: OJO | Q1: SEXO nº | R1: OJO DOMINANTE valor | S1: DOM VALOR | T1: Nº rango | U1: FLL | V1: FLL.RANGO | W1: FLL.EQUIVALENCIA | X1: BORROSIDAD.VFP | Y1: BORROSIDAD.VFP.RANGO | Z1: BORROSIDAD.VFP.EQUIVALENCIA | AA1: VHL.BT1 | AB1: VHL.BT1.RANGO | AC1: VHL.BT1.EQUIVALENCIA | AD1: VHL.BT2 | AE1: VHL.BT2.RANGO | AF1: VHL.BT2.EQUIVALENCIA | AG1: VHL.BN1 | AH1: VHL.BN1.RANGO | AI1: VHL.BN1.EQUIVALENCIA | AJ1: VHL.BN2 | AK1: VHL.BN2.RANGO | AL1: VHL.BN2.EQUIVALENCIA | AM1: FVL | AN1: FVL.RANGO | AO1: FVL.EQUIVALENCIA | AP1: FLC | AQ1: FLC.RANGO | AR1: FLC.EQUIVALENCIA | AS1: ACA | AT1: ACA.RANGO | AU1: ACA.EQUIVALENCIA | AV1: CCF | AW1: CCF.RANGO | AX1: CCF.EQUIVALENCIA | AY1: FLCC | AZ1: FLCC.RANGO | BA1: FLCC.EQUIVALENCIA | BB1: VHC.BT1 | BC1: VHC.BT1.RANGO | BD1: VHC.BT1.EQUIVALENCIA | BE1: VHC.BT2 | BF1: VHC.BT2.RANGO | BG1: VHC.BT2.EQUIVALENCIA | BH1: VHC.BT3 | BI1: VHC.BT3.RANGO | BJ1: VHC.BT3.EQUIVALENCIA | BK1: VHC.BN1 | BL1: VHC.BN1.RANGO | BM1: VHC.BN1.EQUIVALENCIA | BN1: VHC.BN2 | BO1: VHC.BN2.RANGO | BP1: VHC.BN2.EQUIVALENCIA | BQ1: VHC.BN3 | BR1: VHC.BN3.RANGO | BS1: VHC.BN3.EQUIVALENCIA | BT1: FVC | BU1: FVC.RANGO | BV1: FVC.EQUIVALENCIA | BW1: AAOD | BX1: AAOD.formula.hofstetter | BY1: Dif.AAOD.hofstetter | BZ1: AAOD.RANGO | CA1: AAOD.EQUIVALENCIA | CB1: AAOI | CC1: AAOI.formula.hofstetter | CD1: Dif.AAOI.hofstetter | CE1: AAOI.RANGO | CF1: AAOI.EQUIVALENCIA | CG1: ARP | CH1: ARP.RANGO | CI1: ARP.EQUIVALENCIA | CJ1: ARN | CK1: ARN.RANGO | CL1: ARN.EQUIVALENCIA | CM1: EME.D | CN1: EME.D.VALOR | CO1: EME D LETRA | CP1: EME.I | CQ1: EME.I.VALOR | CR1: EME I LETRA | CS1: HIP.D | CT1: HIP.D.VALOR | CU1: HIP I LETRA | CV1: HIP.I | CW1: HIP.I.VALOR | CX1: HIP I LETRA | CY1: MIO.D | CZ1: MIO.D.VALOR | DA1: MIO D LETRA | DB1: MIO.I | DC1: MIO.I.VALOR | DD1: MIO I LETRA | DE1: AST.D | DF1: AST.D.VALOR | DG1: AST D LETRA | DH1: AST.I | DI1: AST.I.VALOR | DJ1: AST I LETRA | DK1: PRE.D | DL1: PRE.D.VALOR | DM1: PRE D LETRA | DN1: PRE.I | DO1: PRE.I.VALOR | DP1: PRE I LETRA | DQ1: DV.D | DR1: DV.I | DS1: REL | DT1: DR | DU1: A | DV1: A.valor | DW1: AUMENTO.HIP.D | DX1: AUMENTO.HIP.D.CATEGORÍA | DY1: AUMENTO.HIP.D.RANGO | DZ1: AUMENTO.HIP.I | EA1: AUMENTO.HIP.I.CATEGORÍA | EB1: AUMENTO.HIP.I.RANGO | EC1: AUMENTO.MIO.D | ED1: AUMENTO.MIO.D.CATEGORÍA | EE1: AUMENTO.MIO.D.RANGO | EF1: AUMENTO.MIO.I | EG1: AUMENTO.MIO.I.CATEGORÍA | EH1: AUMENTO.MIO.I.RANGO | EI1: AUMENTO.AST.D | EJ1: AUMENTO.AST.D.CATEGORÍA | EK1: AUMENTO.AST.D.RANGO | EL1: AUMENTO.AST.I | EM1: AUMENTO.AST.I.CATEGORÍA | EN1: AUMENTO.AST.I.RANGO | EO1: AUMENTO.PRE.D | EP1: AUMENTO.PRE.D.CATEGORÍA | EQ1: AUMENTO.PRE.D.RANGO | ER1: AUMENTO.PRE.I | ES1: AUMENTO.PRE.I.CATEGORÍA | ET1: AUMENTO.PRE.I.RANGO | EU1: T | EV1: RANGO.REVISIÓN | EW1: Nº.RANGO.REVISIÓN | EX1: EXISTENCIA DISFUNCIÓN | EY1: ANOMALÍAS VISUALES
A2: 1 | B2: 1 | C2: 36129 | E2: =VLOOKUP(A2,'286'!$A$3:$J$600,10,FALSE()) -> ABAD ANOVA, Mª CARMEN | F2: =VLOOKUP(A2,'286'!$A$3:$I$1768,3,FALSE()) -> AACAR | G2: =VLOOKUP(A2,'286'!$A$3:$I$1768,4,FALSE()) -> 25230 | H2: =YEAR(C2)-YEAR(G2) -> 29 | I2: =VLOOKUP(H2,LEYENDA!$C$2:$D$6,2,TRUE()) -> 25-40 | J2: =VLOOKUP(A2,'286'!$A$3:$I$1768,7,FALSE()) -> M | K2: =VLOOKUP(A2,'286'!$A$3:$I$1768,2,FALSE()) -> OD | L2: =VLOOKUP(A2,'286'!$A$3:$I$1768,8,FALSE()) -> D | M2: =VLOOKUP(A2,'286'!$A$3:$I$1768,9,FALSE()) -> D | N2: =IF(R2=O2, "MISMA","CONTRARIA") -> MISMA | O2: {=_xlfn.IFS(L2="D","1", L2="I","2")} -> 1 | P2: {=_xlfn.IFS(K2="OD","1", K2="OI","2")} -> 1 | Q2: {=_xlfn.IFS(J2="M","1", J2="H","2")} -> 1 | R2: {=_xlfn.IFS(M2="D","1", M2="I","2")} -> 1 | S2: {=_xlfn.IFS(N2="CONTRARIA", "1",N2= "MISMA","2")} -> 2 | T2: {=_xlfn.IFS(I2="0-12","1", I2="13-24","2", I2="25-40","3", I2="41-60","4", I2="61-100","5")} -> 3 | U2: 2 | V2: =IF(U2="","",IF(AND(U2>=-9,U2<=-6.5),"-9 a -6,5",IF(AND(U2>=-6,U2<=-3.5),"-6 a -3,5",IF(AND(U2>=-3,U2<=-1),"-3 a -1",IF(U2=-0.5,"-0,5",IF(AND(U2>=0,U2<=2.5),"0 a 2,5",IF(AND(U2>=3,U2<=5.5),"3 a 5,5",IF(AND(U2>=6,U2<=8.5),"6 a 8,5",IF(AND(U2>=9,U2<=20),"9 a 20","Fuera de rango"))))))))) -> 0 a 2,5 | W2: =IF(V2="","",IF(V2="-9 a -6,5",2,IF(V2="-6 a -3,5",3,IF(V2="-3 a -1",4,IF(V2="-0,5","NORMA",IF(V2="0 a 2,5",5,IF(V2="3 a 5,5",6,IF(V2="6 a 8,5",7,IF(V2="9 a 20",8,"Fuera de rango"))))))))) -> 5 | X2: 12 | Y2: =IF(X2="","",IF(AND(X2>=0,X2<=4),"0 a 4",IF(AND(X2>=4.5,X2<=8.5),"4,5 a 8,5",IF(X2=9,"9",IF(AND(X2>=9.5,X2<=13),"9,5 a 13",IF(AND(X2>=13.5,X2<=20),"13,5 a 20",IF(AND(X2>=20.5,X2<=35),"20,5 a 35","Fuera de rango"))))))) -> 9,5 a 13 | Z2: =IF(Y2="","",IF(Y2="0 a 4",1,IF(Y2="4,5 a 8,5",2,IF(Y2="9","NORMA",IF(Y2="9,5 a 13",3,IF(Y2="13,5 a 20",4,IF(Y2="20,5 a 35",5,"Fuera de rango"))))))) -> 3 | AA2: 19 | AB2: =IF(AA2="","",IF(AND(AA2>=0,AA2<=9),"0 a 9",IF(AND(AA2>=9.5,AA2<=18.5),"9,5 a 18,5",IF(AA2=19,"19",IF(AND(AA2>=19.5,AA2<=28),"19,5 a 28",IF(AND(AA2>=28.5,AA2<=40),"28,5 a 40","Fuera de rango")))))) -> 19 | AC2: {=_xlfn.IFS(AB2="","",AB2="0 a 9",1,AB2="9,5 a 18,5",2,AB2="19","NORMA",AB2="19,5 a 28",3,AB2="28,5 a 40",4,TRUE(),"Fuera de rango")} -> NORMA | AD2: 13 | AE2: =IF(AD2="","",IF(AND(AD2>=-10,AD2<=0),"De -10 a 0",IF(AND(AD2>=0.5,AD2<=9.5),"0,5 a 9,5",IF(AD2=10,"10",IF(AND(AD2>=10.5,AD2<=20),"10,5 a 20",IF(AND(AD2>=20.5,AD2<=40),"20,5 a 40","Fuera de rango")))))) -> 10,5 a 20 | AF2: =IF(AD2="","",IF(AND(AD2>=-10,AD2<=0),1,IF(AND(AD2>=0.5,AD2<=9.5),2,IF(AD2=10,"NORMA",IF(AND(AD2>=10.5,AD2<=20),3,IF(AND(AD2>=20.5,AD2<=40),4,"")))))) -> 3 | AH2: =IF(AG2="","",IF(AND(AG2>=0,AG2<=4),"0 a 4",IF(AND(AG2>=4.5,AG2<=8.5),"4,5 a 8,5",IF(AG2=9,"9",IF(AND(AG2>=9.5,AG2<=13),"9,5 a 13",IF(AND(AG2>=13.5,AG2<=25),"13,5 a 25","Fuera de rango")))))) | AI2: =IF(AH2="","",IF(AH2="0 a 4",1,IF(AH2="4,5 a 8,5",2,IF(AH2="9","NORMA",IF(AH2="9,5 a 13",3,IF(AH2="13,5 a 25",4,"")))))) | AJ2: 3 | AK2: =IF(AJ2="","",IF(AND(AJ2>=-15,AJ2<=-10.5),"-15 a -10,5",IF(AND(AJ2>=-10,AJ2<=-4),"-10 a -4",IF(AND(AJ2>=-4.5,AJ2<=0),"-4,5 a 0",IF(AND(AJ2>=0.5,AJ2<=4.5),"0,5 a 4,5",IF(AJ2=5,"5",IF(AND(AJ2>=5.5,AJ2<=10),"5,5 a 10",IF(AND(AJ2>=10.5,AJ2<=20),"10,5 a 20","Fuera de rango")))))))) -> 0,5 a 4,5 | AL2: =IF(AK2="","",IF(AK2="-15 a -10,5",1,IF(AK2="-10 a -4",2,IF(AK2="-4,5 a 0",3,IF(AK2="0,5 a 4,5",4,IF(AK2="5","NORMA",IF(AK2="5,5 a 10",5,IF(AK2="10,5 a 20",6,"Error")))))))) -> 4 | AM2: 0 | AN2: =IF(AM2="","",IF(AND(AM2>=-7.5,AM2<=-5.5),"-7,5 a -5,5",IF(AND(AM2>=-5,AM2<=-3),"-5 a -3",IF(AND(AM2>=-2.5,AM2<=-0.5),"-2,5 a -0,5",IF(AM2=0,"0,00",IF(AND(AM2>=0.5,AM2<=2.5),"0,5 a 2,5",IF(AND(AM2>=3,AM2<=5),"3 a 5",IF(AND(AM2>=5.5,AM2<=7.5),"5,5 a 7,5",IF(AND(AM2>=8,AM2<=10),"8 a 10","Fuera de rango"))))))))) -> 0,00 | AO2: =IF(AN2="","",IF(AN2="-7,5 a -5,5",1,IF(AN2="-5 a -3",2,IF(AN2="-2,5 a -0,5",3,IF(AN2="0,00","NORMA",IF(AN2="0,5 a 2,5",4,IF(AN2="3 a 5",5,IF(AN2="5,5 a 7,5",6,IF(AN2="8 a 10",7,"Error"))))))))) -> NORMA | AP2: 4 | AQ2: =IF(AP2="","",IF(AND(AP2>=-20,AP2<=-9.5),"-20 a -9,5",IF(AND(AP2>=-9,AP2<=-6.5),"-9 a -6,5",IF(AP2=-6,"-6",IF(AND(AP2>=-5.5,AP2<=-3),"-5,5 a -3",IF(AND(AP2>=-2.5,AP2<=0),"-2,5 a 0",IF(AND(AP2>=0.5,AP2<=3),"0,5 a 3",IF(AND(AP2>=3.5,AP2<=6),"3,5 a 6",IF(AND(AP2>=6.5,AP2<=9),"6,5 a 9",IF(AND(AP2>=9.5,AP2<=20),"9,5 a 20","Fuera de rango")))))))))) -> 3,5 a 6 | AR2: =IF(AQ2="","",IF(AQ2="-20 a -9,5",1,IF(AQ2="-9 a -6,5",2,IF(AQ2="-6","NORMA",IF(AQ2="-5,5 a -3",3,IF(AQ2="-2,5 a 0",4,IF(AQ2="0,5 a 3",5,IF(AQ2="3,5 a 6",6,IF(AQ2="6,5 a 9",7,IF(AQ2="9,5 a 20",8,"")))))))))) -> 6 | AS2: 3 | AT2: =IF(AS2="","",IF(AND(AS2>=-16,AS2<=-14),"-16 a -14",IF(AND(AS2>=-13.5,AS2<=-11.5),"-13,5 a -11,5",IF(AND(AS2>=-11,AS2<=-9),"-11 a -9",IF(AND(AS2>=-8.5,AS2<=-6.5),"-8,5 a -6,5",IF(AND(AS2>=-6,AS2<=-4),"-6 a -4",IF(AND(AS2>=-3.5,AS2<=-1.5),"-3,5 a -1,5",IF(AND(AS2>=-1,AS2<=1),"-1 a 1",IF(AND(AS2>=1.5,AS2<=3.5),"1,5 a 3,5",IF(AND(AS2>=4,AS2<=6),"4 a 6",IF(AND(AS2>=6.5,AS2<=8.5),"6,5 a 8,5",IF(AND(AS2>=9,AS2<=11),"9 a 11",IF(AND(AS2>=11.5,AS2<=13.5),"11,5 a 13,5",IF(AND(AS2>=14,AS2<=16),"14 a 16",IF(AND(AS2>=16.5,AS2<=18.5),"16,5 a 18,5",IF(AND(AS2>=19,AS2<=21),"19 a 21","Fuera de rango")))))))))))))))) -> 1,5 a 3,5 | AU2: {=IF(AT2="","",_xlfn.IFS(AT2="-16 a -14",1,AT2="-13,5 a -11,5",2,AT2="-11 a -9",3,AT2="-8,5 a -6,5",4,AT2="-6 a -4",5,AT2="-3,5 a -1,5",6,AT2="-1 a 1",7,AT2="1,5 a 3,5",8,AT2="4 a 6","NORMA",AT2="6,5 a 8,5",9,AT2="9 a 11",10,AT2="11,5 a 13,5",11,AT2="14 a 16",12,AT2="16,5 a 18,5",13,AT2="19 a 21",14,TRUE(),""))} -> 8 | AV2: 0.25 | AW2: =IF(AV2="","",IF(AND(AV2>=-1,AV2<=-0.5),"-1 a -0,5",IF(AND(AV2>-0.5,AV2<=0),"De -0,5 a 0",IF(AND(AV2>=0.25,AV2<=0.75),"0,25 a 0,75",IF(AND(AV2>=1,AV2<=1.5),"1 a 1,5",IF(AND(AV2>=1.75,AV2<=2.25),"1,75 a 2,25",IF(AND(AV2>=2.5,AV2<=3),"2,5 a 3",IF(AND(AV2>=3.25,AV2<=3.75),"3,25 a 3,75","Fuera de rango")))))))) -> 0,25 a 0,75 | AX2: =IF(AW2="","",IF(OR(AW2="-1 a -0,5",AW2="-1 a -0.5"),1,IF(OR(AW2="De -0,5 a 0",AW2="-0,5 a 0",AW2="De -0.5 a 0"),2,IF(OR(AW2="0,25 a 0,75",AW2="0.25 a 0.75"),"NORMA",IF(OR(AW2="1 a 1,5",AW2="1 a 1.5"),3,IF(OR(AW2="1,75 a 2,25",AW2="1.75 a 2.25"),4,IF(OR(AW2="2,5 a 3",AW2="2.5 a 3"),5,IF(OR(AW2="3,25 a 3,75",AW2="3.25 a 3.75"),6,"")))))))) -> NORMA | AY2: 4 | AZ2: =IF(AY2="","",IF(AND(AY2>=-20,AY2<=-9.5),"-20 a -9,5",IF(AND(AY2>=-9,AY2<=-6.5),"-9 a -6,5",IF(AY2=-6,"-6",IF(AND(AY2>=-5.5,AY2<=-3),"-5,5 a -3",IF(AND(AY2>=-2.5,AY2<=0),"-2,5 a 0",IF(AND(AY2>=0.5,AY2<=3),"0,5 a 3",IF(AND(AY2>=3.5,AY2<=6),"3,5 a 6","Fuera de rango")))))))) -> 3,5 a 6 | BA2: =IF(AZ2="","",IF(AZ2="-20 a -9,5",1,IF(AZ2="-9 a -6,5",2,IF(AZ2="-6","NORMA",IF(AZ2="-5,5 a -3",3,IF(AZ2="-2,5 a 0",4,IF(AZ2="0,5 a 3",5,IF(AZ2="3,5 a 6",6,"")))))))) -> 6 | BB2: 0 | BC2: {=IF(BB2="","",_xlfn.IFS(AND(BB2>=0,BB2<=2),"0 a 2",AND(BB2>=2.5,BB2<=4.5),"2,5 a 4,5",AND(BB2>=5,BB2<=7),"5 a 7",AND(BB2>=7.5,BB2<=9.5),"7,5 a 9,5",AND(BB2>=10,BB2<=12),"10 a 12",AND(BB2>=12.5,BB2<=14.5),"12,5 a 14,5",BB2=15,"15",AND(BB2>=15.5,BB2<=17.5),"15,5 a 17,5",AND(BB2>=18,BB2<=20),"18 a 20",AND(BB2>=20.5,BB2<=22.5),"20,5 a 22,5",AND(BB2>=23,BB2<=25),"23 a 25",TRUE(),"Fuera de rango"))} -> 0 a 2 | BD2: {=IF(BC2="","",_xlfn.IFS(BC2="0 a 2",1,BC2="2,5 a 4,5",2,BC2="5 a 7",3,BC2="7,5 a 9,5",4,BC2="10 a 12",5,BC2="12,5 a 14,5",6,BC2="15","NORMA",BC2="15,5 a 17,5",7,BC2="18 a 20",8,BC2="20,5 a 22,5",9,BC2="23 a 25",10,TRUE(),"Fuera de rango"))} -> 1 | BE2: 22 | BF2: =IF(BE2="","",IF(AND(BE2>=-20,BE2<=-10),"-20 a -10",IF(AND(BE2>=-9.5,BE2<=0.5),"-9,5 a 0,5",IF(AND(BE2>=1,BE2<=11),"1 a 11",IF(AND(BE2>=11.5,BE2<=20.5),"11,5 a 20,5",IF(BE2=21,"21",IF(AND(BE2>=21.5,BE2<=31.5),"21,5 a 31,5",IF(AND(BE2>=32,BE2<=42),"32 a 42","Fuera de rango")))))))) -> 21,5 a 31,5 | BG2: =IF(BF2="","",IF(BF2="-20 a -10",1,IF(BF2="-9,5 a 0,5",2,IF(BF2="1 a 11",3,IF(BF2="11,5 a 20,5",4,IF(BF2="21","NORMA",IF(BF2="21,5 a 31,5",5,IF(BF2="32 a 42",6,"")))))))) -> 5 | BH2: 16 | BI2: =IF(BH2="","",IF(AND(BH2>=-20,BH2<=-15),"-20 a -15",IF(AND(BH2>=-14.5,BH2<=-9.5),"-14,5 a -9,5",IF(AND(BH2>=-9,BH2<=-4),"-9 a -4",IF(AND(BH2>=-3.5,BH2<=2.5),"-3,5 a 2,5",IF(AND(BH2>=3,BH2<=8),"3 a 8",IF(AND(BH2>=8.5,BH2<=14.5),"8,5 a 14,5",IF(BH2=15,"15",IF(AND(BH2>=15.5,BH2<=20.5),"15,5 a 20,5",IF(AND(BH2>=21,BH2<=26),"21 a 26","Fuera de rango")))))))))) -> 15,5 a 20,5 | BJ2: =IF(BI2="","",IF(BI2="-20 a -15",1,IF(BI2="-14,5 a -9,5",2,IF(BI2="-9 a -4",3,IF(BI2="-3,5 a 2,5",4,IF(BI2="3 a 8",5,IF(BI2="8,5 a 14,5",6,IF(BI2="15","NORMA",IF(BI2="15,5 a 20,5",7,IF(BI2="21 a 26",8,IF(BI2="26,5 a 31,5",9,""))))))))))) -> 7 | BK2: 0 | BL2: =IF(BK2="","",IF(AND(BK2>=0,BK2<=2),"0 - 2",IF(AND(BK2>=2.5,BK2<=4.5),"2,5 - 4,5",IF(AND(BK2>=5,BK2<=7),"5 - 7",IF(AND(BK2>=7.5,BK2<=9.5),"7,5 - 9,5",IF(AND(BK2>=10,BK2<=12),"10 - 12",IF(AND(BK2>=12.5,BK2<=13.5),"12,5 - 13,5",IF(BK2=14,"14",IF(AND(BK2>=14.5,BK2<=16.5),"14,5 - 16,5",IF(AND(BK2>=17,BK2<=19),"17 - 19",IF(AND(BK2>=19.5,BK2<=21.5),"19,5 - 21,5",IF(AND(BK2>=22,BK2<=24),"22 - 24",IF(AND(BK2>=24.5,BK2<=26.5),"24,5 - 26,5",IF(AND(BK2>=27,BK2<=29),"27 - 29",IF(AND(BK2>=29.5,BK2<=30),"29,5 - 30","Fuera de rango"))))))))))))))) -> 0 - 2 | BM2: =IF(BL2="","",IF(BL2="0 - 2",1,IF(BL2="2,5 - 4,5",2,IF(BL2="5 - 7",3,IF(BL2="7,5 - 9,5",4,IF(BL2="10 - 12",5,IF(BL2="12,5 - 13,5",6,IF(BL2="14","NORMA",IF(BL2="14,5 - 16,5",7,IF(BL2="17 - 19",8,IF(BL2="19,5 - 21,5",9,IF(BL2="22 - 24",10,IF(BL2="24,5 - 26,5",11,IF(BL2="27 - 29",12,IF(BL2="29,5 - 30",13,""))))))))))))))) -> 1 | BN2: 15 | BO2: =IF(BN2="","",IF(AND(BN2>=-20,BN2<=-10),"-20 a -10",IF(AND(BN2>=-9.5,BN2<=0.5),"-9,5 a 0,5",IF(AND(BN2>=1,BN2<=11),"1 a 11",IF(AND(BN2>=11.5,BN2<=21.5),"11,5 a 21,5",IF(BN2=22,"22",IF(AND(BN2>=22.5,BN2<=32.5),"22,5 a 32,5",IF(AND(BN2>=33,BN2<=43),"33 a 43","Fuera de rango")))))))) -> 11,5 a 21,5 | BP2: =IF(BO2="","",IF(BO2="-20 a -10",1,IF(BO2="-9,5 a 0,5",2,IF(BO2="1 a 11",3,IF(BO2="11,5 a 21,5",4,IF(BO2="22","NORMA",IF(BO2="22,5 a 32,5",5,IF(BO2="33 a 43",6,"")))))))) -> 4 | BQ2: 8 | BR2: =IF(BQ2="","",IF(AND(BQ2>=-20,BQ2<=-15),"-20 a -15",IF(AND(BQ2>=-14.5,BQ2<=-9.5),"-14,5 a -9,5",IF(AND(BQ2>=-9,BQ2<=-4),"-9 a -4",IF(AND(BQ2>=-3.5,BQ2<=2.5),"-3,5 a 2,5",IF(AND(BQ2>=3,BQ2<=8),"3 a 8",IF(AND(BQ2>=8.5,BQ2<=13.5),"8,5 a 13,5",IF(AND(BQ2>=14,BQ2<=17.5),"14 a 17,5",IF(BQ2=18,"18",IF(AND(BQ2>=18.5,BQ2<=23.5),"18,5 a 23,5",IF(AND(BQ2>=24,BQ2<=29),"24 a 29",IF(AND(BQ2>=29.5,BQ2<=34.5),"29,5 a 34,5",IF(AND(BQ2>=35,BQ2<=40),"35 a 40","Fuera de rango"))))))))))))) -> 3 a 8 | BS2: =IF(BR2="","",IF(BR2="-20 a -15",1,IF(BR2="-14,5 a -9,5",2,IF(BR2="-9 a -4",3,IF(BR2="-3,5 a 2,5",4,IF(BR2="3 a 8",5,IF(BR2="8,5 a 13,5",6,IF(BR2="14 a 17,5",7,IF(BR2="18","NORMA",IF(BR2="18,5 a 23,5",8,IF(BR2="24 a 29",9,IF(BR2="29,5 a 34,5",10,IF(BR2="35 a 40",11,""))))))))))))) -> 5 | BT2: -1 | BU2: =IF(BT2="","",IF(AND(BT2>=-20,BT2<=-18),"-20 a -18",IF(AND(BT2>=-17.5,BT2<=-15.5),"-17,5 a -15,5",IF(AND(BT2>=-15,BT2<=-13),"-15 a -13",IF(AND(BT2>=-12.5,BT2<=-10.5),"-12,5 a -10,5",IF(AND(BT2>=-10,BT2<=-8),"-10 a -8",IF(AND(BT2>=-7.5,BT2<=-5.5),"-7,5 a -5,5",IF(AND(BT2>=-5,BT2<=-3),"-5 a -3",IF(AND(BT2>=-2.5,BT2<=-0.5),"-2,5 a -0,5",IF(BT2=0,"0",IF(AND(BT2>=0.5,BT2<=2.5),"0,5 a 2,5",IF(AND(BT2>=3,BT2<=5),"3 a 5",IF(AND(BT2>=5.5,BT2<=7.5),"5,5 a 7,5",IF(AND(BT2>=8,BT2<=10),"8 a 10",IF(AND(BT2>=10.5,BT2<=12.5),"10,5 a 12,5",IF(AND(BT2>=13,BT2<=15),"13 a 15",IF(AND(BT2>=15.5,BT2<=17.5),"15,5 a 17,5",IF(AND(BT2>=18,BT2<=20),"18 a 20","Fuera de rango")))))))))))))))))) -> -2,5 a -0,5 | BV2: =IF(BT2="","",IF(BT2=0,"NORMA",IF(AND(BT2>=-20,BT2<=-18),2,IF(AND(BT2>=-17.5,BT2<=-15.5),2,IF(AND(BT2>=-15,BT2<=-13),3,IF(AND(BT2>=-12.5,BT2<=-10.5),4,IF(AND(BT2>=-10,BT2<=-8),5,IF(AND(BT2>=-7.5,BT2<=-5.5),6,IF(AND(BT2>=-5,BT2<=-3),7,IF(AND(BT2>=-2.5,BT2<=-0.5),8,IF(AND(BT2>=0.5,BT2<=2.5),9,IF(AND(BT2>=3,BT2<=5),10,IF(AND(BT2>=5.5,BT2<=7.5),11,IF(AND(BT2>=8,BT2<=10),12,IF(AND(BT2>=10.5,BT2<=12.5),13,IF(AND(BT2>=13,BT2<=15),14,IF(AND(BT2>=15.5,BT2<=17.5),15,IF(AND(BT2>=18,BT2<=20),16,"Fuera de rango")))))))))))))))))) -> 8 | BW2: -3.25 | BX2: =18.5- (0.3*H2) -> 9.8 | BY2: =(BW2)-(BX2) -> -13.05 | BZ2: =IF(BY2="","",IF(BY2<-27.5,"De -30 a -28",IF(BY2<-25,"De -27,5 a -25,5",IF(BY2<-22.5,"De -25 a -23",IF(BY2<-20,"De -22,5 a -20,5",IF(BY2<-17.5,"De -20 a -18",IF(BY2<-15,"De -17,5 a -15,5",IF(BY2<-12.5,"De -15 a -13",IF(BY2<-10,"De -12,5 a -10,5",IF(BY2<-7.5,"De -10 a -8",IF(BY2<-5,"De -7,5 a -5,5",IF(BY2<-2.5,"De -5 a -3",IF(BY2<0,"De -2,5 a -0,5",IF(BY2<2.5,"De 0 a 2",IF(BY2<5,"De 2,5 a 4,5",IF(BY2<7.5,"De 5 a 7",IF(BY2<10,"De 7,5 a 9,5",IF(BY2<12.5,"De 10 a 12",IF(BY2<15,"De 12,5 a 14,5",IF(BY2<17.5,"De 15 a 17",IF(BY2<20,"De 17,5 a 19,5",IF(BY2<22.5,"De 20 a 22",IF(BY2<25,"De 22,5 a 24,5",IF(BY2<27.5,"De 25 a 27","De 27,5 a 30")))))))))))))))))))))))) -> De -15 a -13 | CA2: =IF(BY2="","",IF(BY2<=-28,1,IF(BY2<=-25.5,2,IF(BY2<=-23,3,IF(BY2<=-20.5,4,IF(BY2<=-18,5,IF(BY2<=-15.5,6,IF(BY2<=-13,7,IF(BY2<=-10.5,8,IF(BY2<=-8,9,IF(BY2<=-5.5,10,IF(BY2<=-3,11,IF(BY2<=-0.5,12,IF(BY2<=2,13,IF(BY2<=4.5,14,IF(BY2<=7,15,IF(BY2<=9.5,16,IF(BY2<=12,17,IF(BY2<=14.5,18,IF(BY2<=17,19,IF(BY2<=19.5,20,IF(BY2<=22,21,IF(BY2<=24.5,22,IF(BY2<=27,23,IF(BY2<=30,24,"Fuera de rango"))))))))))))))))))))))))) -> 7 | CB2: -3.25 | CC2: =18.5- (0.3*H2) -> 9.8 | CD2: =(CB2)-(CC2) -> -13.05 | CE2: =IF(CD2="","",IF(CD2<-27.5,"De -30 a -28",IF(CD2<-25,"De -27,5 a -25,5",IF(CD2<-22.5,"De -25 a -23",IF(CD2<-20,"De -22,5 a -20,5",IF(CD2<-17.5,"De -20 a -18",IF(CD2<-15,"De -17,5 a -15,5",IF(CD2<-12.5,"De -15 a -13",IF(CD2<-10,"De -12,5 a -10,5",IF(CD2<-7.5,"De -10 a -8",IF(CD2<-5,"De -7,5 a -5,5",IF(CD2<-2.5,"De -5 a -3",IF(CD2<0,"De -2,5 a -0,5",IF(CD2<=2,"De 0 a 2",IF(CD2<=4.5,"De 2,5 a 4,5",IF(CD2<=7,"De 5 a 7",IF(CD2<=9.5,"De 7,5 a 9,5",IF(CD2<=12,"De 10 a 12",IF(CD2<=14.5,"De 12,5 a 14,5",IF(CD2<=17,"De 15 a 17",IF(CD2<=19.5,"De 17,5 a 19,5",IF(CD2<=22,"De 20 a 22",IF(CD2<=24.5,"De 22,5 a 24,5",IF(CD2<=27,"De 25 a 27","De 27,5 a 30")))))))))))))))))))))))) -> De -15 a -13 | CF2: =IF(CD2="","",IF(CD2<-27.5,1,IF(CD2<-25,2,IF(CD2<-22.5,3,IF(CD2<-20,4,IF(CD2<-17.5,5,IF(CD2<-15,6,IF(CD2<-12.5,7,IF(CD2<-10,8,IF(CD2<-7.5,9,IF(CD2<-5,10,IF(CD2<-2.5,11,IF(CD2<0,12,IF(CD2<2.5,13,IF(CD2<5,14,IF(CD2<7.5,15,IF(CD2<10,16,IF(CD2<12.5,17,IF(CD2<15,18,IF(CD2<17.5,19,IF(CD2<20,20,IF(CD2<22.5,21,IF(CD2<25,22,IF(CD2<27.5,23,24)))))))))))))))))))))))) -> 7 | CG2: -1 | CH2: =IF(CG2="","",IF(AND(CG2>=-10,CG2<=-9.5),"-10 a -9,5",IF(AND(CG2>-9.5,CG2<=-8.5),"-9 a -8,5",IF(AND(CG2>-8.5,CG2<=-7.5),"-8 a -7,5",IF(AND(CG2>-7.5,CG2<=-6.5),"-7 a -6,5",IF(AND(CG2>-6.5,CG2<=-5.5),"-6 a -5,5",IF(AND(CG2>-5.5,CG2<=-4.5),"-5 a -4,5",IF(AND(CG2>-4.5,CG2<=-3.5),"-4 a -3,5",IF(AND(CG2>-3.5,CG2<=-2.5),"-3 a -2,5",IF(CG2=-2.25,"-2,25",IF(AND(CG2>-2.5,CG2<=-1.5),"-2 a -1,5",IF(AND(CG2>-1.5,CG2<=-0.5),"-1 a -0,5",IF(AND(CG2>-0.5,CG2<=0.5),"0 a 0,5",IF(AND(CG2>0.5,CG2<=1.5),"1 a 1,5",IF(AND(CG2>1.5,CG2<=2.5),"2 a 2,5",IF(AND(CG2>2.5,CG2<=3.5),"3 a 3,5",IF(AND(CG2>3.5,CG2<=4.5),"4 a 4,5",IF(AND(CG2>4.5,CG2<=5.5),"5 a 5,5",IF(AND(CG2>5.5,CG2<=6.5),"6 a 6,5",IF(AND(CG2>6.5,CG2<=7.5),"7 a 7,5",IF(AND(CG2>7.5,CG2<=8.5),"8 a 8,5",IF(AND(CG2>8.5,CG2<=9.5),"9 a 9,5",IF(CG2>=10,"10","Fuera de rango"))))))))))))))))))))))) -> -1 a -0,5 | CI2: =IF(CG2="","",IF(CG2=-2.25,"NORMA",IF(CG2<=-9.5,1,IF(CG2<=-8.5,2,IF(CG2<=-7.5,3,IF(CG2<=-6.5,4,IF(CG2<=-5.5,5,IF(CG2<=-4.5,6,IF(CG2<=-3.5,7,IF(CG2<=-2.5,8,IF(CG2<=-1.5,9,IF(CG2<=-0.5,10,IF(CG2<=0.5,11,IF(CG2<=1.5,12,IF(CG2<=2.5,13,IF(CG2<=3.5,14,IF(CG2<=4.5,15,IF(CG2<=5.5,16,IF(CG2<=6.5,17,IF(CG2<=7.5,18,IF(CG2<=8.5,19,IF(CG2<=9.5,20,IF(CG2=10,21,"Fuera de rango"))))))))))))))))))))))) -> 10 | CJ2: 0.75 | CK2: =IF(CJ2="","",IF(AND(CJ2>=-6,CJ2<=-5.5),"-6 a -5,5",IF(AND(CJ2>-5.5,CJ2<=-4.5),"-5 a -4,5",IF(AND(CJ2>-4.5,CJ2<=-3.5),"-4 a -3,5",IF(AND(CJ2>-3.5,CJ2<=-2.5),"-3 a -2,5",IF(AND(CJ2>-2.5,CJ2<=-1.5),"-2 a -1,5",IF(AND(CJ2>-1.5,CJ2<=-0.5),"-1 a -0,5",IF(AND(CJ2>-0.5,CJ2<=0.5),"0 a 0,5",IF(AND(CJ2>0.5,CJ2<=1.5),"1 a 1,5",IF(AND(CJ2>1.5,CJ2<2.5),"2",IF(AND(CJ2>=2.5,CJ2<=3),"2,5 a 3",IF(AND(CJ2>3,CJ2<=4),"3,5 a 4",IF(AND(CJ2>4,CJ2<=5),"4,5 a 5",IF(AND(CJ2>5,CJ2<=6),"5,5 a 6",IF(AND(CJ2>6,CJ2<=7),"6,5 a 7",IF(AND(CJ2>7,CJ2<=8),"7,5 a 8",IF(AND(CJ2>8,CJ2<=9.5),"8,5 a 9,5",IF(CJ2=10,"10","Fuera de rango")))))))))))))))))) -> 1 a 1,5 | CL2: =IF(CK2="","",IF(OR(CK2="-6 a -5,5",CK2="-6 - -5,5"),1,IF(OR(CK2="-5 a -4,5",CK2="-5 - -4,5"),2,IF(OR(CK2="-4 a -3,5",CK2="-4 - -3,5"),3,IF(OR(CK2="-3 a -2,5",CK2="-3 - -2,5"),4,IF(OR(CK2="-2 a -1,5",CK2="-2 - -1,5"),5,IF(OR(CK2="-1 a -0,5",CK2="-1 - -0,5"),6,IF(OR(CK2="0 a 0,5",CK2="0 - 0,5"),7,IF(OR(CK2="1 a 1,5",CK2="1 - 1,5"),8,IF(CK2="2","NORMA",IF(OR(CK2="2,5 a 3",CK2="2,5 - 3"),9,IF(OR(CK2="3,5 a 4",CK2="3,5 - 4"),10,IF(OR(CK2="4,5 a 5",CK2="4,5 - 5"),11,IF(OR(CK2="5,5 a 6",CK2="5,5 - 6"),12,IF(OR(CK2="6,5 a 7",CK2="6,5 - 7"),13,IF(OR(CK2="7,5 a 8",CK2="7,5 - 8"),14,IF(OR(CK2="8,5 a 9",CK2="8,5 - 9,5",CK2="9 a 9,5"),15,IF(CK2="10",15,IF(OR(CK2="0,5 a 1",CK2="0,5 - 1"),7,"Fuera de rango"))))))))))))))))))) -> 8 | CM2: 0 | CN2: =IF(CM2=0,"0", " ") -> 0 | CO2: =IF(CM2>0,"EME"," ") | CP2: 0 | CQ2: =IF(CP2>0,"0", " ") | CR2: =IF(CP2>0,"EME"," ") | CS2: 0 | CT2: =IF(CS2>0,"1", " ") | CU2: =IF(CS2>0,"HIP"," ") | CV2: 0 | CW2: =IF(CV2>0,"1", " ") | CX2: =IF(CV2>0,"HIP"," ") | CY2: -1.25 | CZ2: =IF(CY2<0,"2"," ") -> 2 | DA2: =IF(CY2<0,"MIO"," ") -> MIO | DB2: -1.75 | DC2: =IF(DB2<0,"2"," ") -> 2 | DD2: =IF(DB2<0,"MIO"," ") -> MIO | DE2: -0.25 | DF2: =IF(DE2<0,"3"," ") -> 3 | DG2: =IF(DE2<0,"AST"," ") -> AST | DH2: -0.5 | DI2: =IF(DH2<0,"3"," ") -> 3 | DJ2: =IF(DH2<0,"AST"," ") -> AST | DK2: 0 | DL2: =IF(DK2>0,"4"," ") | DM2: =IF(DK2>0,"PRE"," ") | DN2: 0 | DO2: =IF(DN2>0,"4"," ") | DP2: =IF(DN2>0,"PRE"," ") | DQ2: 2 | DR2: 2 | DS2: =CONCATENATE(CO2,CU2,DA2,DG2,DM2) -> MIOAST | DT2: {=_xlfn.IFS(DS2="EME ","0", DS2=" HIP ","1", DS2=" MIO ","2", DS2=" AST ","3", DS2=" PRE","4", DS2="EME PRE","5", DS2=" HIP PRE","6", DS2=" HIP AST ","7", DS2=" MIO PRE","8", DS2=" MIOAST ","9", DS2=" ASTPRE","10",DS2=" HIP ASTPRE","11", DS2=" MIOASTPRE","12", DS2=" ","0")} -> 9 | DU2: SI | DV2: {=_xlfn.IFS(DU2="SI","2", DU2="NO","1")} -> 2 | DW2: 0 | DX2: =IF(DW2=0,"1","2") -> 1 | DY2: {=_xlfn.IFS(DW2=0,"0", DW2=0.25, "1", DW2=0.5,"2", DW2=0.75,"3", DW2=1,"4",DW2=1.25,"5", DW2=1.5,"6", DW2=1.75,"7", DW2=2,"8", DW2=2.25,"9",DW2=2.5,"10", DW2=2.75,"11", DW2=3,"12", DW2=3.25,"13", DW2=3.5,"14", DW2=3.75,"15",DW2=4,"16")} -> 0 | DZ2: 0 | EA2: =IF(DZ2=0,"1","2") -> 1 | EB2: {=_xlfn.IFS(DZ2=0,"0", DZ2=0.25, "1", DZ2=0.5,"2", DZ2=0.75,"3", DZ2=1,"4",DZ2=1.25,"5", DZ2=1.5,"6", DZ2=1.75,"7", DZ2=2,"8")} -> 0 | EC2: -0.5 | ED2: =IF(EC2=0,"1","2") -> 2 | EE2: {=_xlfn.IFS(EC2=0,"0", EC2=-0.25, "1", EC2=-0.5,"2", EC2=-0.75,"3", EC2=-1,"4",EC2=-1.25,"5", EC2=-1.5,"6", EC2=-1.75,"7", EC2=-2,"8", EC2=-2.25,"9",EC2=-2.5,"10", EC2=-2.75,"11", EC2=-3,"12", EC2=-3.25,"13", EC2=-3.5,"14", EC2=-3.75,"15",EC2=-4,"16")} -> 2 | EF2: -0.5 | EG2: =IF(EF2=0,"1","2") -> 2 | EH2: {=_xlfn.IFS(EF2=0,"0", EF2=-0.25, "1", EF2=-0.5,"2", EF2=-0.75,"3", EF2=-1,"4",EF2=-1.25,"5", EF2=-1.5,"6", EF2=-1.75,"7", EF2=-2,"8", EF2=-2.25,"9",EF2=-2.5,"10", EF2=-2.75,"11", EF2=-3,"12", EF2=-3.25,"13", EF2=-3.5,"14", EF2=-3.75,"15",EF2=-4,"16")} -> 2 | EI2: -0.25 | EJ2: =IF(EI2=0,"1","2") -> 2 | EK2: {=_xlfn.IFS(EI2=0,"0", EI2=-0.25, "1", EI2=-0.5,"2", EI2=-0.75,"3", EI2=-1,"4",EI2=-1.25,"5", EI2=-1.5,"6", EI2=-1.75,"7", EI2=-2,"8", EI2=-2.25,"9", EI2=-2.25,"9",EI2=-2.5,"10", EI2=-2.75,"11", EI2=-3,"12", EI2=-3.25,"13", EI2=-3.5,"14", EI2=-3.75,"15",EI2=-4,"16", EI2=0.25, "17", EI2=0.5, "18")} -> 1 | EL2: 0 | EM2: =IF(EL2=0,"1","2") -> 1 | EN2: {=_xlfn.IFS(EL2=0.25,"17",EL2=0.5,"18", EL2=0,"0", EL2=-0.25, "1", EL2=-0.5,"2", EL2=-0.75,"3", EL2=-1,"4",EL2=-1.25,"5", EL2=-1.5,"6", EL2=-1.75,"7", EL2=-2,"8",EL2= -2.25,"9",EL2=-2.5,"10",EL2= -2.75,"11",EL2= -3,"12",EL2= -3.25,"13",EL2= -3.5,"14",EL2= -3.75,"15",EL2=-4,"16")} -> 0 | EO2: 0 | EP2: =IF(EO2=0,"1","2") -> 1 | EQ2: {=_xlfn.IFS(EO2=0,"0", EO2=0.25, "1", EO2=0.5,"2", EO2=0.75,"3", EO2=1,"4",EO2=1.25,"5", EO2=1.5,"6", EO2=1.75,"7", EO2=2,"8", EO2=2.25,"9", EO2=2.25,"9",EO2=2.5,"10", EO2=2.75,"11", EO2=3,"12", EO2=3.25,"13", EO2=3.5,"14", EO2=3.75,"15",EO2=4,"16", EO2=-0.25, "17", bq=-0.5, "18")} -> 0 | ER2: 0 | ES2: =IF(ER2=0,"1","2") -> 1 | ET2: {=_xlfn.IFS(ER2=0,"0", ER2=0.25, "1", ER2=0.5,"2", ER2=0.75,"3", ER2=1,"4",ER2=1.25,"5", ER2=1.5,"6", ER2=1.75,"7", ER2=2,"8", ER2=2.25,"9", ER2=2.25,"9",ER2=2.5,"10", ER2=2.75,"11", ER2=3,"12", ER2=3.25,"13", ER2=3.5,"14", ER2=3.75,"15",ER2=4,"16", ER2=-0.25, "17", bq=-0.5, "18")} -> 0 | EU2: 24 | EV2: =VLOOKUP(EU2,LEYENDA!$G$2:$H$8,2,TRUE()) -> 19-24 | EW2: {=_xlfn.IFS(EV2="0-5","1", EV2="6-12","2", EV2="13-18","3", EV2="19-24","4", EV2="25-36","5", EV2="37-48","6", EV2="49-60","7")} -> 4
A3: 1 | B3: 2 | C3: 36344 | E3: =VLOOKUP(A3,'286'!$A$3:$J$600,10,FALSE()) -> ABAD ANOVA, Mª CARMEN | F3: =VLOOKUP(A3,'286'!$A$3:$I$1768,3,FALSE()) -> AACAR | G3: =VLOOKUP(A3,'286'!$A$3:$I$1768,4,FALSE()) -> 25230 | H3: =YEAR(C3)-YEAR(G3) -> 30 | I3: =VLOOKUP(H3,LEYENDA!$C$2:$D$6,2,TRUE()) -> 25-40 | J3: =VLOOKUP(A3,'286'!$A$3:$I$1768,7,FALSE()) -> M | K3: =VLOOKUP(A3,'286'!$A$3:$I$1768,2,FALSE()) -> OD | L3: =VLOOKUP(A3,'286'!$A$3:$I$1768,8,FALSE()) -> D | M3: =VLOOKUP(A3,'286'!$A$3:$I$1768,9,FALSE()) -> D | N3: =IF(R3=O3, "MISMA","CONTRARIA") -> MISMA | O3: {=_xlfn.IFS(L3="D","1", L3="I","2")} -> 1 | P3: {=_xlfn.IFS(K3="OD","1", K3="OI","2")} -> 1 | Q3: {=_xlfn.IFS(J3="M","1", J3="H","2")} -> 1 | R3: {=_xlfn.IFS(M3="D","1", M3="I","2")} -> 1 | S3: {=_xlfn.IFS(N3="CONTRARIA", "1",N3= "MISMA","2")} -> 2 | T3: {=_xlfn.IFS(I3="0-12","1", I3="13-24","2", I3="25-40","3", I3="41-60","4", I3="61-100","5")} -> 3 | U3: 1.5 | V3: =IF(U3="","",IF(AND(U3>=-9,U3<=-6.5),"-9 a -6,5",IF(AND(U3>=-6,U3<=-3.5),"-6 a -3,5",IF(AND(U3>=-3,U3<=-1),"-3 a -1",IF(U3=-0.5,"-0,5",IF(AND(U3>=0,U3<=2.5),"0 a 2,5",IF(AND(U3>=3,U3<=5.5),"3 a 5,5",IF(AND(U3>=6,U3<=8.5),"6 a 8,5",IF(AND(U3>=9,U3<=20),"9 a 20","Fuera de rango"))))))))) -> 0 a 2,5 | W3: =IF(V3="","",IF(V3="-9 a -6,5",2,IF(V3="-6 a -3,5",3,IF(V3="-3 a -1",4,IF(V3="-0,5","NORMA",IF(V3="0 a 2,5",5,IF(V3="3 a 5,5",6,IF(V3="6 a 8,5",7,IF(V3="9 a 20",8,"Fuera de rango"))))))))) -> 5 | X3: 15 | Y3: =IF(X3="","",IF(AND(X3>=0,X3<=4),"0 a 4",IF(AND(X3>=4.5,X3<=8.5),"4,5 a 8,5",IF(X3=9,"9",IF(AND(X3>=9.5,X3<=13),"9,5 a 13",IF(AND(X3>=13.5,X3<=20),"13,5 a 20",IF(AND(X3>=20.5,X3<=35),"20,5 a 35","Fuera de rango"))))))) -> 13,5 a 20 | Z3: =IF(Y3="","",IF(Y3="0 a 4",1,IF(Y3="4,5 a 8,5",2,IF(Y3="9","NORMA",IF(Y3="9,5 a 13",3,IF(Y3="13,5 a 20",4,IF(Y3="20,5 a 35",5,"Fuera de rango"))))))) -> 4 | AA3: 24 | AB3: =IF(AA3="","",IF(AND(AA3>=0,AA3<=9),"0 a 9",IF(AND(AA3>=9.5,AA3<=18.5),"9,5 a 18,5",IF(AA3=19,"19",IF(AND(AA3>=19.5,AA3<=28),"19,5 a 28",IF(AND(AA3>=28.5,AA3<=40),"28,5 a 40","Fuera de rango")))))) -> 19,5 a 28 | AC3: {=_xlfn.IFS(AB3="","",AB3="0 a 9",1,AB3="9,5 a 18,5",2,AB3="19","NORMA",AB3="19,5 a 28",3,AB3="28,5 a 40",4,TRUE(),"Fuera de rango")} -> 3 | AD3: 16 | AE3: =IF(AD3="","",IF(AND(AD3>=-10,AD3<=0),"De -10 a 0",IF(AND(AD3>=0.5,AD3<=9.5),"0,5 a 9,5",IF(AD3=10,"10",IF(AND(AD3>=10.5,AD3<=20),"10,5 a 20",IF(AND(AD3>=20.5,AD3<=40),"20,5 a 40","Fuera de rango")))))) -> 10,5 a 20 | AF3: =IF(AD3="","",IF(AND(AD3>=-10,AD3<=0),1,IF(AND(AD3>=0.5,AD3<=9.5),2,IF(AD3=10,"NORMA",IF(AND(AD3>=10.5,AD3<=20),3,IF(AND(AD3>=20.5,AD3<=40),4,"")))))) -> 3 | AH3: =IF(AG3="","",IF(AND(AG3>=0,AG3<=4),"0 a 4",IF(AND(AG3>=4.5,AG3<=8.5),"4,5 a 8,5",IF(AG3=9,"9",IF(AND(AG3>=9.5,AG3<=13),"9,5 a 13",IF(AND(AG3>=13.5,AG3<=25),"13,5 a 25","Fuera de rango")))))) | AI3: =IF(AH3="","",IF(AH3="0 a 4",1,IF(AH3="4,5 a 8,5",2,IF(AH3="9","NORMA",IF(AH3="9,5 a 13",3,IF(AH3="13,5 a 25",4,"")))))) | AJ3: 3 | AK3: =IF(AJ3="","",IF(AND(AJ3>=-15,AJ3<=-10.5),"-15 a -10,5",IF(AND(AJ3>=-10,AJ3<=-4),"-10 a -4",IF(AND(AJ3>=-4.5,AJ3<=0),"-4,5 a 0",IF(AND(AJ3>=0.5,AJ3<=4.5),"0,5 a 4,5",IF(AJ3=5,"5",IF(AND(AJ3>=5.5,AJ3<=10),"5,5 a 10",IF(AND(AJ3>=10.5,AJ3<=20),"10,5 a 20","Fuera de rango")))))))) -> 0,5 a 4,5 | AL3: =IF(AK3="","",IF(AK3="-15 a -10,5",1,IF(AK3="-10 a -4",2,IF(AK3="-4,5 a 0",3,IF(AK3="0,5 a 4,5",4,IF(AK3="5","NORMA",IF(AK3="5,5 a 10",5,IF(AK3="10,5 a 20",6,"Error")))))))) -> 4 | AM3: 0 | AN3: =IF(AM3="","",IF(AND(AM3>=-7.5,AM3<=-5.5),"-7,5 a -5,5",IF(AND(AM3>=-5,AM3<=-3),"-5 a -3",IF(AND(AM3>=-2.5,AM3<=-0.5),"-2,5 a -0,5",IF(AM3=0,"0,00",IF(AND(AM3>=0.5,AM3<=2.5),"0,5 a 2,5",IF(AND(AM3>=3,AM3<=5),"3 a 5",IF(AND(AM3>=5.5,AM3<=7.5),"5,5 a 7,5",IF(AND(AM3>=8,AM3<=10),"8 a 10","Fuera de rango"))))))))) -> 0,00 | AO3: =IF(AN3="","",IF(AN3="-7,5 a -5,5",1,IF(AN3="-5 a -3",2,IF(AN3="-2,5 a -0,5",3,IF(AN3="0,00","NORMA",IF(AN3="0,5 a 2,5",4,IF(AN3="3 a 5",5,IF(AN3="5,5 a 7,5",6,IF(AN3="8 a 10",7,"Error"))))))))) -> NORMA | AP3: -1.5 | AQ3: =IF(AP3="","",IF(AND(AP3>=-20,AP3<=-9.5),"-20 a -9,5",IF(AND(AP3>=-9,AP3<=-6.5),"-9 a -6,5",IF(AP3=-6,"-6",IF(AND(AP3>=-5.5,AP3<=-3),"-5,5 a -3",IF(AND(AP3>=-2.5,AP3<=0),"-2,5 a 0",IF(AND(AP3>=0.5,AP3<=3),"0,5 a 3",IF(AND(AP3>=3.5,AP3<=6),"3,5 a 6",IF(AND(AP3>=6.5,AP3<=9),"6,5 a 9",IF(AND(AP3>=9.5,AP3<=20),"9,5 a 20","Fuera de rango")))))))))) -> -2,5 a 0 | AR3: =IF(AQ3="","",IF(AQ3="-20 a -9,5",1,IF(AQ3="-9 a -6,5",2,IF(AQ3="-6","NORMA",IF(AQ3="-5,5 a -3",3,IF(AQ3="-2,5 a 0",4,IF(AQ3="0,5 a 3",5,IF(AQ3="3,5 a 6",6,IF(AQ3="6,5 a 9",7,IF(AQ3="9,5 a 20",8,"")))))))))) -> 4 | AS3: 0 | AT3: =IF(AS3="","",IF(AND(AS3>=-16,AS3<=-14),"-16 a -14",IF(AND(AS3>=-13.5,AS3<=-11.5),"-13,5 a -11,5",IF(AND(AS3>=-11,AS3<=-9),"-11 a -9",IF(AND(AS3>=-8.5,AS3<=-6.5),"-8,5 a -6,5",IF(AND(AS3>=-6,AS3<=-4),"-6 a -4",IF(AND(AS3>=-3.5,AS3<=-1.5),"-3,5 a -1,5",IF(AND(AS3>=-1,AS3<=1),"-1 a 1",IF(AND(AS3>=1.5,AS3<=3.5),"1,5 a 3,5",IF(AND(AS3>=4,AS3<=6),"4 a 6",IF(AND(AS3>=6.5,AS3<=8.5),"6,5 a 8,5",IF(AND(AS3>=9,AS3<=11),"9 a 11",IF(AND(AS3>=11.5,AS3<=13.5),"11,5 a 13,5",IF(AND(AS3>=14,AS3<=16),"14 a 16",IF(AND(AS3>=16.5,AS3<=18.5),"16,5 a 18,5",IF(AND(AS3>=19,AS3<=21),"19 a 21","Fuera de rango")))))))))))))))) -> -1 a 1 | AU3: {=IF(AT3="","",_xlfn.IFS(AT3="-16 a -14",1,AT3="-13,5 a -11,5",2,AT3="-11 a -9",3,AT3="-8,5 a -6,5",4,AT3="-6 a -4",5,AT3="-3,5 a -1,5",6,AT3="-1 a 1",7,AT3="1,5 a 3,5",8,AT3="4 a 6","NORMA",AT3="6,5 a 8,5",9,AT3="9 a 11",10,AT3="11,5 a 13,5",11,AT3="14 a 16",12,AT3="16,5 a 18,5",13,AT3="19 a 21",14,TRUE(),""))} -> 7 | AV3: -0.25 | AW3: =IF(AV3="","",IF(AND(AV3>=-1,AV3<=-0.5),"-1 a -0,5",IF(AND(AV3>-0.5,AV3<=0),"De -0,5 a 0",IF(AND(AV3>=0.25,AV3<=0.75),"0,25 a 0,75",IF(AND(AV3>=1,AV3<=1.5),"1 a 1,5",IF(AND(AV3>=1.75,AV3<=2.25),"1,75 a 2,25",IF(AND(AV3>=2.5,AV3<=3),"2,5 a 3",IF(AND(AV3>=3.25,AV3<=3.75),"3,25 a 3,75","Fuera de rango")))))))) -> De -0,5 a 0 | AX3: =IF(AW3="","",IF(OR(AW3="-1 a -0,5",AW3="-1 a -0.5"),1,IF(OR(AW3="De -0,5 a 0",AW3="-0,5 a 0",AW3="De -0.5 a 0"),2,IF(OR(AW3="0,25 a 0,75",AW3="0.25 a 0.75"),"NORMA",IF(OR(AW3="1 a 1,5",AW3="1 a 1.5"),3,IF(OR(AW3="1,75 a 2,25",AW3="1.75 a 2.25"),4,IF(OR(AW3="2,5 a 3",AW3="2.5 a 3"),5,IF(OR(AW3="3,25 a 3,75",AW3="3.25 a 3.75"),6,"")))))))) -> 2 | AY3: -1.5 | AZ3: =IF(AY3="","",IF(AND(AY3>=-20,AY3<=-9.5),"-20 a -9,5",IF(AND(AY3>=-9,AY3<=-6.5),"-9 a -6,5",IF(AY3=-6,"-6",IF(AND(AY3>=-5.5,AY3<=-3),"-5,5 a -3",IF(AND(AY3>=-2.5,AY3<=0),"-2,5 a 0",IF(AND(AY3>=0.5,AY3<=3),"0,5 a 3",IF(AND(AY3>=3.5,AY3<=6),"3,5 a 6","Fuera de rango")))))))) -> -2,5 a 0 | BA3: =IF(AZ3="","",IF(AZ3="-20 a -9,5",1,IF(AZ3="-9 a -6,5",2,IF(AZ3="-6","NORMA",IF(AZ3="-5,5 a -3",3,IF(AZ3="-2,5 a 0",4,IF(AZ3="0,5 a 3",5,IF(AZ3="3,5 a 6",6,"")))))))) -> 4 | BB3: 15 | BC3: {=IF(BB3="","",_xlfn.IFS(AND(BB3>=0,BB3<=2),"0 a 2",AND(BB3>=2.5,BB3<=4.5),"2,5 a 4,5",AND(BB3>=5,BB3<=7),"5 a 7",AND(BB3>=7.5,BB3<=9.5),"7,5 a 9,5",AND(BB3>=10,BB3<=12),"10 a 12",AND(BB3>=12.5,BB3<=14.5),"12,5 a 14,5",BB3=15,"15",AND(BB3>=15.5,BB3<=17.5),"15,5 a 17,5",AND(BB3>=18,BB3<=20),"18 a 20",AND(BB3>=20.5,BB3<=22.5),"20,5 a 22,5",AND(BB3>=23,BB3<=25),"23 a 25",TRUE(),"Fuera de rango"))} -> 15 | BD3: {=IF(BC3="","",_xlfn.IFS(BC3="0 a 2",1,BC3="2,5 a 4,5",2,BC3="5 a 7",3,BC3="7,5 a 9,5",4,BC3="10 a 12",5,BC3="12,5 a 14,5",6,BC3="15","NORMA",BC3="15,5 a 17,5",7,BC3="18 a 20",8,BC3="20,5 a 22,5",9,BC3="23 a 25",10,TRUE(),"Fuera de rango"))} -> NORMA | BE3: 21 | BF3: =IF(BE3="","",IF(AND(BE3>=-20,BE3<=-10),"-20 a -10",IF(AND(BE3>=-9.5,BE3<=0.5),"-9,5 a 0,5",IF(AND(BE3>=1,BE3<=11),"1 a 11",IF(AND(BE3>=11.5,BE3<=20.5),"11,5 a 20,5",IF(BE3=21,"21",IF(AND(BE3>=21.5,BE3<=31.5),"21,5 a 31,5",IF(AND(BE3>=32,BE3<=42),"32 a 42","Fuera de rango")))))))) -> 21 | BG3: =IF(BF3="","",IF(BF3="-20 a -10",1,IF(BF3="-9,5 a 0,5",2,IF(BF3="1 a 11",3,IF(BF3="11,5 a 20,5",4,IF(BF3="21","NORMA",IF(BF3="21,5 a 31,5",5,IF(BF3="32 a 42",6,"")))))))) -> NORMA | BH3: 12 | BI3: =IF(BH3="","",IF(AND(BH3>=-20,BH3<=-15),"-20 a -15",IF(AND(BH3>=-14.5,BH3<=-9.5),"-14,5 a -9,5",IF(AND(BH3>=-9,BH3<=-4),"-9 a -4",IF(AND(BH3>=-3.5,BH3<=2.5),"-3,5 a 2,5",IF(AND(BH3>=3,BH3<=8),"3 a 8",IF(AND(BH3>=8.5,BH3<=14.5),"8,5 a 14,5",IF(BH3=15,"15",IF(AND(BH3>=15.5,BH3<=20.5),"15,5 a 20,5",IF(AND(BH3>=21,BH3<=26),"21 a 26","Fuera de rango")))))))))) -> 8,5 a 14,5 | BJ3: =IF(BI3="","",IF(BI3="-20 a -15",1,IF(BI3="-14,5 a -9,5",2,IF(BI3="-9 a -4",3,IF(BI3="-3,5 a 2,5",4,IF(BI3="3 a 8",5,IF(BI3="8,5 a 14,5",6,IF(BI3="15","NORMA",IF(BI3="15,5 a 20,5",7,IF(BI3="21 a 26",8,IF(BI3="26,5 a 31,5",9,""))))))))))) -> 6 | BK3: 12 | BL3: =IF(BK3="","",IF(AND(BK3>=0,BK3<=2),"0 - 2",IF(AND(BK3>=2.5,BK3<=4.5),"2,5 - 4,5",IF(AND(BK3>=5,BK3<=7),"5 - 7",IF(AND(BK3>=7.5,BK3<=9.5),"7,5 - 9,5",IF(AND(BK3>=10,BK3<=12),"10 - 12",IF(AND(BK3>=12.5,BK3<=13.5),"12,5 - 13,5",IF(BK3=14,"14",IF(AND(BK3>=14.5,BK3<=16.5),"14,5 - 16,5",IF(AND(BK3>=17,BK3<=19),"17 - 19",IF(AND(BK3>=19.5,BK3<=21.5),"19,5 - 21,5",IF(AND(BK3>=22,BK3<=24),"22 - 24",IF(AND(BK3>=24.5,BK3<=26.5),"24,5 - 26,5",IF(AND(BK3>=27,BK3<=29),"27 - 29",IF(AND(BK3>=29.5,BK3<=30),"29,5 - 30","Fuera de rango"))))))))))))))) -> 10 - 12 | BM3: =IF(BL3="","",IF(BL3="0 - 2",1,IF(BL3="2,5 - 4,5",2,IF(BL3="5 - 7",3,IF(BL3="7,5 - 9,5",4,IF(BL3="10 - 12",5,IF(BL3="12,5 - 13,5",6,IF(BL3="14","NORMA",IF(BL3="14,5 - 16,5",7,IF(BL3="17 - 19",8,IF(BL3="19,5 - 21,5",9,IF(BL3="22 - 24",10,IF(BL3="24,5 - 26,5",11,IF(BL3="27 - 29",12,IF(BL3="29,5 - 30",13,""))))))))))))))) -> 5 | BN3: 16 | BO3: =IF(BN3="","",IF(AND(BN3>=-20,BN3<=-10),"-20 a -10",IF(AND(BN3>=-9.5,BN3<=0.5),"-9,5 a 0,5",IF(AND(BN3>=1,BN3<=11),"1 a 11",IF(AND(BN3>=11.5,BN3<=21.5),"11,5 a 21,5",IF(BN3=22,"22",IF(AND(BN3>=22.5,BN3<=32.5),"22,5 a 32,5",IF(AND(BN3>=33,BN3<=43),"33 a 43","Fuera de rango")))))))) -> 11,5 a 21,5 | BP3: =IF(BO3="","",IF(BO3="-20 a -10",1,IF(BO3="-9,5 a 0,5",2,IF(BO3="1 a 11",3,IF(BO3="11,5 a 21,5",4,IF(BO3="22","NORMA",IF(BO3="22,5 a 32,5",5,IF(BO3="33 a 43",6,"")))))))) -> 4 | BQ3: 6 | BR3: =IF(BQ3="","",IF(AND(BQ3>=-20,BQ3<=-15),"-20 a -15",IF(AND(BQ3>=-14.5,BQ3<=-9.5),"-14,5 a -9,5",IF(AND(BQ3>=-9,BQ3<=-4),"-9 a -4",IF(AND(BQ3>=-3.5,BQ3<=2.5),"-3,5 a 2,5",IF(AND(BQ3>=3,BQ3<=8),"3 a 8",IF(AND(BQ3>=8.5,BQ3<=13.5),"8,5 a 13,5",IF(AND(BQ3>=14,BQ3<=17.5),"14 a 17,5",IF(BQ3=18,"18",IF(AND(BQ3>=18.5,BQ3<=23.5),"18,5 a 23,5",IF(AND(BQ3>=24,BQ3<=29),"24 a 29",IF(AND(BQ3>=29.5,BQ3<=34.5),"29,5 a 34,5",IF(AND(BQ3>=35,BQ3<=40),"35 a 40","Fuera de rango"))))))))))))) -> 3 a 8 | BS3: =IF(BR3="","",IF(BR3="-20 a -15",1,IF(BR3="-14,5 a -9,5",2,IF(BR3="-9 a -4",3,IF(BR3="-3,5 a 2,5",4,IF(BR3="3 a 8",5,IF(BR3="8,5 a 13,5",6,IF(BR3="14 a 17,5",7,IF(BR3="18","NORMA",IF(BR3="18,5 a 23,5",8,IF(BR3="24 a 29",9,IF(BR3="29,5 a 34,5",10,IF(BR3="35 a 40",11,""))))))))))))) -> 5 | BT3: -0.5 | BU3: =IF(BT3="","",IF(AND(BT3>=-20,BT3<=-18),"-20 a -18",IF(AND(BT3>=-17.5,BT3<=-15.5),"-17,5 a -15,5",IF(AND(BT3>=-15,BT3<=-13),"-15 a -13",IF(AND(BT3>=-12.5,BT3<=-10.5),"-12,5 a -10,5",IF(AND(BT3>=-10,BT3<=-8),"-10 a -8",IF(AND(BT3>=-7.5,BT3<=-5.5),"-7,5 a -5,5",IF(AND(BT3>=-5,BT3<=-3),"-5 a -3",IF(AND(BT3>=-2.5,BT3<=-0.5),"-2,5 a -0,5",IF(BT3=0,"0",IF(AND(BT3>=0.5,BT3<=2.5),"0,5 a 2,5",IF(AND(BT3>=3,BT3<=5),"3 a 5",IF(AND(BT3>=5.5,BT3<=7.5),"5,5 a 7,5",IF(AND(BT3>=8,BT3<=10),"8 a 10",IF(AND(BT3>=10.5,BT3<=12.5),"10,5 a 12,5",IF(AND(BT3>=13,BT3<=15),"13 a 15",IF(AND(BT3>=15.5,BT3<=17.5),"15,5 a 17,5",IF(AND(BT3>=18,BT3<=20),"18 a 20","Fuera de rango")))))))))))))))))) -> -2,5 a -0,5 | BV3: =IF(BT3="","",IF(BT3=0,"NORMA",IF(AND(BT3>=-20,BT3<=-18),2,IF(AND(BT3>=-17.5,BT3<=-15.5),2,IF(AND(BT3>=-15,BT3<=-13),3,IF(AND(BT3>=-12.5,BT3<=-10.5),4,IF(AND(BT3>=-10,BT3<=-8),5,IF(AND(BT3>=-7.5,BT3<=-5.5),6,IF(AND(BT3>=-5,BT3<=-3),7,IF(AND(BT3>=-2.5,BT3<=-0.5),8,IF(AND(BT3>=0.5,BT3<=2.5),9,IF(AND(BT3>=3,BT3<=5),10,IF(AND(BT3>=5.5,BT3<=7.5),11,IF(AND(BT3>=8,BT3<=10),12,IF(AND(BT3>=10.5,BT3<=12.5),13,IF(AND(BT3>=13,BT3<=15),14,IF(AND(BT3>=15.5,BT3<=17.5),15,IF(AND(BT3>=18,BT3<=20),16,"Fuera de rango")))))))))))))))))) -> 8 | BW3: -4.5 | BX3: =18.5- (0.3*H3) -> 9.5 | BY3: =(BW3)-(BX3) -> -14 | BZ3: =IF(BY3="","",IF(BY3<-27.5,"De -30 a -28",IF(BY3<-25,"De -27,5 a -25,5",IF(BY3<-22.5,"De -25 a -23",IF(BY3<-20,"De -22,5 a -20,5",IF(BY3<-17.5,"De -20 a -18",IF(BY3<-15,"De -17,5 a -15,5",IF(BY3<-12.5,"De -15 a -13",IF(BY3<-10,"De -12,5 a -10,5",IF(BY3<-7.5,"De -10 a -8",IF(BY3<-5,"De -7,5 a -5,5",IF(BY3<-2.5,"De -5 a -3",IF(BY3<0,"De -2,5 a -0,5",IF(BY3<2.5,"De 0 a 2",IF(BY3<5,"De 2,5 a 4,5",IF(BY3<7.5,"De 5 a 7",IF(BY3<10,"De 7,5 a 9,5",IF(BY3<12.5,"De 10 a 12",IF(BY3<15,"De 12,5 a 14,5",IF(BY3<17.5,"De 15 a 17",IF(BY3<20,"De 17,5 a 19,5",IF(BY3<22.5,"De 20 a 22",IF(BY3<25,"De 22,5 a 24,5",IF(BY3<27.5,"De 25 a 27","De 27,5 a 30")))))))))))))))))))))))) -> De -15 a -13 | CA3: =IF(BY3="","",IF(BY3<=-28,1,IF(BY3<=-25.5,2,IF(BY3<=-23,3,IF(BY3<=-20.5,4,IF(BY3<=-18,5,IF(BY3<=-15.5,6,IF(BY3<=-13,7,IF(BY3<=-10.5,8,IF(BY3<=-8,9,IF(BY3<=-5.5,10,IF(BY3<=-3,11,IF(BY3<=-0.5,12,IF(BY3<=2,13,IF(BY3<=4.5,14,IF(BY3<=7,15,IF(BY3<=9.5,16,IF(BY3<=12,17,IF(BY3<=14.5,18,IF(BY3<=17,19,IF(BY3<=19.5,20,IF(BY3<=22,21,IF(BY3<=24.5,22,IF(BY3<=27,23,IF(BY3<=30,24,"Fuera de rango"))))))))))))))))))))))))) -> 7 | CB3: -4.5 | CC3: =18.5- (0.3*H3) -> 9.5 | CD3: =(CB3)-(CC3) -> -14 | CE3: =IF(CD3="","",IF(CD3<-27.5,"De -30 a -28",IF(CD3<-25,"De -27,5 a -25,5",IF(CD3<-22.5,"De -25 a -23",IF(CD3<-20,"De -22,5 a -20,5",IF(CD3<-17.5,"De -20 a -18",IF(CD3<-15,"De -17,5 a -15,5",IF(CD3<-12.5,"De -15 a -13",IF(CD3<-10,"De -12,5 a -10,5",IF(CD3<-7.5,"De -10 a -8",IF(CD3<-5,"De -7,5 a -5,5",IF(CD3<-2.5,"De -5 a -3",IF(CD3<0,"De -2,5 a -0,5",IF(CD3<=2,"De 0 a 2",IF(CD3<=4.5,"De 2,5 a 4,5",IF(CD3<=7,"De 5 a 7",IF(CD3<=9.5,"De 7,5 a 9,5",IF(CD3<=12,"De 10 a 12",IF(CD3<=14.5,"De 12,5 a 14,5",IF(CD3<=17,"De 15 a 17",IF(CD3<=19.5,"De 17,5 a 19,5",IF(CD3<=22,"De 20 a 22",IF(CD3<=24.5,"De 22,5 a 24,5",IF(CD3<=27,"De 25 a 27","De 27,5 a 30")))))))))))))))))))))))) -> De -15 a -13 | CF3: =IF(CD3="","",IF(CD3<-27.5,1,IF(CD3<-25,2,IF(CD3<-22.5,3,IF(CD3<-20,4,IF(CD3<-17.5,5,IF(CD3<-15,6,IF(CD3<-12.5,7,IF(CD3<-10,8,IF(CD3<-7.5,9,IF(CD3<-5,10,IF(CD3<-2.5,11,IF(CD3<0,12,IF(CD3<2.5,13,IF(CD3<5,14,IF(CD3<7.5,15,IF(CD3<10,16,IF(CD3<12.5,17,IF(CD3<15,18,IF(CD3<17.5,19,IF(CD3<20,20,IF(CD3<22.5,21,IF(CD3<25,22,IF(CD3<27.5,23,24)))))))))))))))))))))))) -> 7 | CG3: -2.75 | CH3: =IF(CG3="","",IF(AND(CG3>=-10,CG3<=-9.5),"-10 a -9,5",IF(AND(CG3>-9.5,CG3<=-8.5),"-9 a -8,5",IF(AND(CG3>-8.5,CG3<=-7.5),"-8 a -7,5",IF(AND(CG3>-7.5,CG3<=-6.5),"-7 a -6,5",IF(AND(CG3>-6.5,CG3<=-5.5),"-6 a -5,5",IF(AND(CG3>-5.5,CG3<=-4.5),"-5 a -4,5",IF(AND(CG3>-4.5,CG3<=-3.5),"-4 a -3,5",IF(AND(CG3>-3.5,CG3<=-2.5),"-3 a -2,5",IF(CG3=-2.25,"-2,25",IF(AND(CG3>-2.5,CG3<=-1.5),"-2 a -1,5",IF(AND(CG3>-1.5,CG3<=-0.5),"-1 a -0,5",IF(AND(CG3>-0.5,CG3<=0.5),"0 a 0,5",IF(AND(CG3>0.5,CG3<=1.5),"1 a 1,5",IF(AND(CG3>1.5,CG3<=2.5),"2 a 2,5",IF(AND(CG3>2.5,CG3<=3.5),"3 a 3,5",IF(AND(CG3>3.5,CG3<=4.5),"4 a 4,5",IF(AND(CG3>4.5,CG3<=5.5),"5 a 5,5",IF(AND(CG3>5.5,CG3<=6.5),"6 a 6,5",IF(AND(CG3>6.5,CG3<=7.5),"7 a 7,5",IF(AND(CG3>7.5,CG3<=8.5),"8 a 8,5",IF(AND(CG3>8.5,CG3<=9.5),"9 a 9,5",IF(CG3>=10,"10","Fuera de rango"))))))))))))))))))))))) -> -3 a -2,5 | CI3: =IF(CG3="","",IF(CG3=-2.25,"NORMA",IF(CG3<=-9.5,1,IF(CG3<=-8.5,2,IF(CG3<=-7.5,3,IF(CG3<=-6.5,4,IF(CG3<=-5.5,5,IF(CG3<=-4.5,6,IF(CG3<=-3.5,7,IF(CG3<=-2.5,8,IF(CG3<=-1.5,9,IF(CG3<=-0.5,10,IF(CG3<=0.5,11,IF(CG3<=1.5,12,IF(CG3<=2.5,13,IF(CG3<=3.5,14,IF(CG3<=4.5,15,IF(CG3<=5.5,16,IF(CG3<=6.5,17,IF(CG3<=7.5,18,IF(CG3<=8.5,19,IF(CG3<=9.5,20,IF(CG3=10,21,"Fuera de rango"))))))))))))))))))))))) -> 8 | CJ3: 2 | CK3: =IF(CJ3="","",IF(AND(CJ3>=-6,CJ3<=-5.5),"-6 a -5,5",IF(AND(CJ3>-5.5,CJ3<=-4.5),"-5 a -4,5",IF(AND(CJ3>-4.5,CJ3<=-3.5),"-4 a -3,5",IF(AND(CJ3>-3.5,CJ3<=-2.5),"-3 a -2,5",IF(AND(CJ3>-2.5,CJ3<=-1.5),"-2 a -1,5",IF(AND(CJ3>-1.5,CJ3<=-0.5),"-1 a -0,5",IF(AND(CJ3>-0.5,CJ3<=0.5),"0 a 0,5",IF(AND(CJ3>0.5,CJ3<=1.5),"1 a 1,5",IF(AND(CJ3>1.5,CJ3<2.5),"2",IF(AND(CJ3>=2.5,CJ3<=3),"2,5 a 3",IF(AND(CJ3>3,CJ3<=4),"3,5 a 4",IF(AND(CJ3>4,CJ3<=5),"4,5 a 5",IF(AND(CJ3>5,CJ3<=6),"5,5 a 6",IF(AND(CJ3>6,CJ3<=7),"6,5 a 7",IF(AND(CJ3>7,CJ3<=8),"7,5 a 8",IF(AND(CJ3>8,CJ3<=9.5),"8,5 a 9,5",IF(CJ3=10,"10","Fuera de rango")))))))))))))))))) -> 2 | CL3: =IF(CK3="","",IF(OR(CK3="-6 a -5,5",CK3="-6 - -5,5"),1,IF(OR(CK3="-5 a -4,5",CK3="-5 - -4,5"),2,IF(OR(CK3="-4 a -3,5",CK3="-4 - -3,5"),3,IF(OR(CK3="-3 a -2,5",CK3="-3 - -2,5"),4,IF(OR(CK3="-2 a -1,5",CK3="-2 - -1,5"),5,IF(OR(CK3="-1 a -0,5",CK3="-1 - -0,5"),6,IF(OR(CK3="0 a 0,5",CK3="0 - 0,5"),7,IF(OR(CK3="1 a 1,5",CK3="1 - 1,5"),8,IF(CK3="2","NORMA",IF(OR(CK3="2,5 a 3",CK3="2,5 - 3"),9,IF(OR(CK3="3,5 a 4",CK3="3,5 - 4"),10,IF(OR(CK3="4,5 a 5",CK3="4,5 - 5"),11,IF(OR(CK3="5,5 a 6",CK3="5,5 - 6"),12,IF(OR(CK3="6,5 a 7",CK3="6,5 - 7"),13,IF(OR(CK3="7,5 a 8",CK3="7,5 - 8"),14,IF(OR(CK3="8,5 a 9",CK3="8,5 - 9,5",CK3="9 a 9,5"),15,IF(CK3="10",15,IF(OR(CK3="0,5 a 1",CK3="0,5 - 1"),7,"Fuera de rango"))))))))))))))))))) -> NORMA | CM3: 0 | CN3: =IF(CM3=0,"0", " ") -> 0 | CO3: =IF(CM3>0,"EME"," ") | CP3: 0 | CQ3: =IF(CP3>0,"0", " ") | CR3: =IF(CP3>0,"EME"," ") | CS3: 0 | CT3: =IF(CS3>0,"1", " ") | CU3: =IF(CS3>0,"HIP"," ") | CV3: 0 | CW3: =IF(CV3>0,"1", " ") | CX3: =IF(CV3>0,"HIP"," ") | CY3: -1.5 | CZ3: =IF(CY3<0,"2"," ") -> 2 | DA3: =IF(CY3<0,"MIO"," ") -> MIO | DB3: -2 | DC3: =IF(DB3<0,"2"," ") -> 2 | DD3: =IF(DB3<0,"MIO"," ") -> MIO | DE3: -0.25 | DF3: =IF(DE3<0,"3"," ") -> 3 | DG3: =IF(DE3<0,"AST"," ") -> AST | DH3: -0.75 | DI3: =IF(DH3<0,"3"," ") -> 3 | DJ3: =IF(DH3<0,"AST"," ") -> AST | DK3: 0 | DL3: =IF(DK3>0,"4"," ") | DM3: =IF(DK3>0,"PRE"," ") | DN3: 0 | DO3: =IF(DN3>0,"4"," ") | DP3: =IF(DN3>0,"PRE"," ") | DQ3: 2 | DR3: 2 | DS3: =CONCATENATE(CO3,CU3,DA3,DG3,DM3) -> MIOAST | DT3: {=_xlfn.IFS(DS3="EME ","0", DS3=" HIP ","1", DS3=" MIO ","2", DS3=" AST ","3", DS3=" PRE","4", DS3="EME PRE","5", DS3=" HIP PRE","6", DS3=" HIP AST ","7", DS3=" MIO PRE","8", DS3=" MIOAST ","9", DS3=" ASTPRE","10",DS3=" HIP ASTPRE","11", DS3=" MIOASTPRE","12", DS3=" ","0")} -> 9 | DU3: NO | DV3: {=_xlfn.IFS(DU3="SI","2", DU3="NO","1")} -> 1 | DW3: 0 | DX3: =IF(DW3=0,"1","2") -> 1 | DY3: {=_xlfn.IFS(DW3=0,"0", DW3=0.25, "1", DW3=0.5,"2", DW3=0.75,"3", DW3=1,"4",DW3=1.25,"5", DW3=1.5,"6", DW3=1.75,"7", DW3=2,"8")} -> 0 | DZ3: 0 | EA3: =IF(DZ3=0,"1","2") -> 1 | EB3: {=_xlfn.IFS(DZ3=0,"0", DZ3=0.25, "1", DZ3=0.5,"2", DZ3=0.75,"3", DZ3=1,"4",DZ3=1.25,"5", DZ3=1.5,"6", DZ3=1.75,"7", DZ3=2,"8")} -> 0 | EC3: -0.25 | ED3: =IF(EC3=0,"1","2") -> 2 | EE3: {=_xlfn.IFS(EC3=0,"0", EC3=-0.25, "1", EC3=-0.5,"2", EC3=-0.75,"3", EC3=-1,"4",EC3=-1.25,"5", EC3=-1.5,"6", EC3=-1.75,"7", EC3=-2,"8", EC3=-2.25,"9",EC3=-2.5,"10", EC3=-2.75,"11", EC3=-3,"12", EC3=-3.25,"13", EC3=-3.5,"14", EC3=-3.75,"15",EC3=-4,"16")} -> 1 | EF3: -0.25 | EG3: =IF(EF3=0,"1","2") -> 2 | EH3: {=_xlfn.IFS(EF3=0,"0", EF3=-0.25, "1", EF3=-0.5,"2", EF3=-0.75,"3", EF3=-1,"4",EF3=-1.25,"5", EF3=-1.5,"6", EF3=-1.75,"7", EF3=-2,"8", EF3=-2.25,"9",EF3=-2.5,"10", EF3=-2.75,"11", EF3=-3,"12", EF3=-3.25,"13", EF3=-3.5,"14", EF3=-3.75,"15",EF3=-4,"16")} -> 1 | EI3: 0 | EJ3: =IF(EI3=0,"1","2") -> 1 | EK3: {=_xlfn.IFS(EI3=0,"0", EI3=-0.25, "1", EI3=-0.5,"2", EI3=-0.75,"3", EI3=-1,"4",EI3=-1.25,"5", EI3=-1.5,"6", EI3=-1.75,"7", EI3=-2,"8", EI3=-2.25,"9", EI3=-2.25,"9",EI3=-2.5,"10", EI3=-2.75,"11", EI3=-3,"12", EI3=-3.25,"13", EI3=-3.5,"14", EI3=-3.75,"15",EI3=-4,"16", EI3=0.25, "17", EI3=0.5, "18")} -> 0 | EL3: -0.25 | EM3: =IF(EL3=0,"1","2") -> 2 | EN3: {=_xlfn.IFS(EL3=0.25,"17",EL3=0.5,"18", EL3=0,"0", EL3=-0.25, "1", EL3=-0.5,"2", EL3=-0.75,"3", EL3=-1,"4",EL3=-1.25,"5", EL3=-1.5,"6", EL3=-1.75,"7", EL3=-2,"8",EL3= -2.25,"9",EL3=-2.5,"10",EL3= -2.75,"11",EL3= -3,"12",EL3= -3.25,"13",EL3= -3.5,"14",EL3= -3.75,"15",EL3=-4,"16")} -> 1 | EO3: 0 | EP3: =IF(EO3=0,"1","2") -> 1 | EQ3: {=_xlfn.IFS(EO3=0,"0", EO3=0.25, "1", EO3=0.5,"2", EO3=0.75,"3", EO3=1,"4",EO3=1.25,"5", EO3=1.5,"6", EO3=1.75,"7", EO3=2,"8", EO3=2.25,"9", EO3=2.25,"9",EO3=2.5,"10", EO3=2.75,"11", EO3=3,"12", EO3=3.25,"13", EO3=3.5,"14", EO3=3.75,"15",EO3=4,"16", EO3=-0.25, "17", bq=-0.5, "18")} -> 0 | ER3: 0 | ES3: =IF(ER3=0,"1","2") -> 1 | ET3: {=_xlfn.IFS(ER3=0,"0", ER3=0.25, "1", ER3=0.5,"2", ER3=0.75,"3", ER3=1,"4",ER3=1.25,"5", ER3=1.5,"6", ER3=1.75,"7", ER3=2,"8", ER3=2.25,"9", ER3=2.25,"9",ER3=2.5,"10", ER3=2.75,"11", ER3=3,"12", ER3=3.25,"13", ER3=3.5,"14", ER3=3.75,"15",ER3=4,"16", ER3=-0.25, "17", bq=-0.5, "18")} -> 0 | EU3: 8 | EV3: =VLOOKUP(EU3,LEYENDA!$G$2:$H$8,2,TRUE()) -> 6-12 | EW3: {=_xlfn.IFS(EV3="0-5","1", EV3="6-12","2", EV3="13-18","3", EV3="19-24","4", EV3="25-36","5", EV3="37-48","6", EV3="49-60","7")} -> 2
A4: 1 | B4: 3 | C4: 36623 | E4: =VLOOKUP(A4,'286'!$A$3:$J$600,10,FALSE()) -> ABAD ANOVA, Mª CARMEN | F4: =VLOOKUP(A4,'286'!$A$3:$I$1768,3,FALSE()) -> AACAR | G4: =VLOOKUP(A4,'286'!$A$3:$I$1768,4,FALSE()) -> 25230 | H4: =YEAR(C4)-YEAR(G4) -> 31 | I4: =VLOOKUP(H4,LEYENDA!$C$2:$D$6,2,TRUE()) -> 25-40 | J4: =VLOOKUP(A4,'286'!$A$3:$I$1768,7,FALSE()) -> M | K4: =VLOOKUP(A4,'286'!$A$3:$I$1768,2,FALSE()) -> OD | L4: =VLOOKUP(A4,'286'!$A$3:$I$1768,8,FALSE()) -> D | M4: =VLOOKUP(A4,'286'!$A$3:$I$1768,9,FALSE()) -> D | N4: =IF(R4=O4, "MISMA","CONTRARIA") -> MISMA | O4: {=_xlfn.IFS(L4="D","1", L4="I","2")} -> 1 | P4: {=_xlfn.IFS(K4="OD","1", K4="OI","2")} -> 1 | Q4: {=_xlfn.IFS(J4="M","1", J4="H","2")} -> 1 | R4: {=_xlfn.IFS(M4="D","1", M4="I","2")} -> 1 | S4: {=_xlfn.IFS(N4="CONTRARIA", "1",N4= "MISMA","2")} -> 2 | T4: {=_xlfn.IFS(I4="0-12","1", I4="13-24","2", I4="25-40","3", I4="41-60","4", I4="61-100","5")} -> 3 | U4: 1 | V4: =IF(U4="","",IF(AND(U4>=-9,U4<=-6.5),"-9 a -6,5",IF(AND(U4>=-6,U4<=-3.5),"-6 a -3,5",IF(AND(U4>=-3,U4<=-1),"-3 a -1",IF(U4=-0.5,"-0,5",IF(AND(U4>=0,U4<=2.5),"0 a 2,5",IF(AND(U4>=3,U4<=5.5),"3 a 5,5",IF(AND(U4>=6,U4<=8.5),"6 a 8,5",IF(AND(U4>=9,U4<=20),"9 a 20","Fuera de rango"))))))))) -> 0 a 2,5 | W4: =IF(V4="","",IF(V4="-9 a -6,5",2,IF(V4="-6 a -3,5",3,IF(V4="-3 a -1",4,IF(V4="-0,5","NORMA",IF(V4="0 a 2,5",5,IF(V4="3 a 5,5",6,IF(V4="6 a 8,5",7,IF(V4="9 a 20",8,"Fuera de rango"))))))))) -> 5 | X4: 11 | Y4: =IF(X4="","",IF(AND(X4>=0,X4<=4),"0 a 4",IF(AND(X4>=4.5,X4<=8.5),"4,5 a 8,5",IF(X4=9,"9",IF(AND(X4>=9.5,X4<=13),"9,5 a 13",IF(AND(X4>=13.5,X4<=20),"13,5 a 20",IF(AND(X4>=20.5,X4<=35),"20,5 a 35","Fuera de rango"))))))) -> 9,5 a 13 | Z4: =IF(Y4="","",IF(Y4="0 a 4",1,IF(Y4="4,5 a 8,5",2,IF(Y4="9","NORMA",IF(Y4="9,5 a 13",3,IF(Y4="13,5 a 20",4,IF(Y4="20,5 a 35",5,"Fuera de rango"))))))) -> 3 | AA4: 18 | AB4: =IF(AA4="","",IF(AND(AA4>=0,AA4<=9),"0 a 9",IF(AND(AA4>=9.5,AA4<=18.5),"9,5 a 18,5",IF(AA4=19,"19",IF(AND(AA4>=19.5,AA4<=28),"19,5 a 28",IF(AND(AA4>=28.5,AA4<=40),"28,5 a 40","Fuera de rango")))))) -> 9,5 a 18,5 | AC4: {=_xlfn.IFS(AB4="","",AB4="0 a 9",1,AB4="9,5 a 18,5",2,AB4="19","NORMA",AB4="19,5 a 28",3,AB4="28,5 a 40",4,TRUE(),"Fuera de rango")} -> 2 | AD4: 13 | AE4: =IF(AD4="","",IF(AND(AD4>=-10,AD4<=0),"De -10 a 0",IF(AND(AD4>=0.5,AD4<=9.5),"0,5 a 9,5",IF(AD4=10,"10",IF(AND(AD4>=10.5,AD4<=20),"10,5 a 20",IF(AND(AD4>=20.5,AD4<=40),"20,5 a 40","Fuera de rango")))))) -> 10,5 a 20 | AF4: =IF(AD4="","",IF(AND(AD4>=-10,AD4<=0),1,IF(AND(AD4>=0.5,AD4<=9.5),2,IF(AD4=10,"NORMA",IF(AND(AD4>=10.5,AD4<=20),3,IF(AND(AD4>=20.5,AD4<=40),4,"")))))) -> 3 | AH4: =IF(AG4="","",IF(AND(AG4>=0,AG4<=4),"0 a 4",IF(AND(AG4>=4.5,AG4<=8.5),"4,5 a 8,5",IF(AG4=9,"9",IF(AND(AG4>=9.5,AG4<=13),"9,5 a 13",IF(AND(AG4>=13.5,AG4<=25),"13,5 a 25","Fuera de rango")))))) | AI4: =IF(AH4="","",IF(AH4="0 a 4",1,IF(AH4="4,5 a 8,5",2,IF(AH4="9","NORMA",IF(AH4="9,5 a 13",3,IF(AH4="13,5 a 25",4,"")))))) | AJ4: 2 | AK4: =IF(AJ4="","",IF(AND(AJ4>=-15,AJ4<=-10.5),"-15 a -10,5",IF(AND(AJ4>=-10,AJ4<=-4),"-10 a -4",IF(AND(AJ4>=-4.5,AJ4<=0),"-4,5 a 0",IF(AND(AJ4>=0.5,AJ4<=4.5),"0,5 a 4,5",IF(AJ4=5,"5",IF(AND(AJ4>=5.5,AJ4<=10),"5,5 a 10",IF(AND(AJ4>=10.5,AJ4<=20),"10,5 a 20","Fuera de rango")))))))) -> 0,5 a 4,5 | AL4: =IF(AK4="","",IF(AK4="-15 a -10,5",1,IF(AK4="-10 a -4",2,IF(AK4="-4,5 a 0",3,IF(AK4="0,5 a 4,5",4,IF(AK4="5","NORMA",IF(AK4="5,5 a 10",5,IF(AK4="10,5 a 20",6,"Error")))))))) -> 4 | AM4: 0 | AN4: =IF(AM4="","",IF(AND(AM4>=-7.5,AM4<=-5.5),"-7,5 a -5,5",IF(AND(AM4>=-5,AM4<=-3),"-5 a -3",IF(AND(AM4>=-2.5,AM4<=-0.5),"-2,5 a -0,5",IF(AM4=0,"0,00",IF(AND(AM4>=0.5,AM4<=2.5),"0,5 a 2,5",IF(AND(AM4>=3,AM4<=5),"3 a 5",IF(AND(AM4>=5.5,AM4<=7.5),"5,5 a 7,5",IF(AND(AM4>=8,AM4<=10),"8 a 10","Fuera de rango"))))))))) -> 0,00 | AO4: =IF(AN4="","",IF(AN4="-7,5 a -5,5",1,IF(AN4="-5 a -3",2,IF(AN4="-2,5 a -0,5",3,IF(AN4="0,00","NORMA",IF(AN4="0,5 a 2,5",4,IF(AN4="3 a 5",5,IF(AN4="5,5 a 7,5",6,IF(AN4="8 a 10",7,"Error"))))))))) -> NORMA | AP4: -1 | AQ4: =IF(AP4="","",IF(AND(AP4>=-20,AP4<=-9.5),"-20 a -9,5",IF(AND(AP4>=-9,AP4<=-6.5),"-9 a -6,5",IF(AP4=-6,"-6",IF(AND(AP4>=-5.5,AP4<=-3),"-5,5 a -3",IF(AND(AP4>=-2.5,AP4<=0),"-2,5 a 0",IF(AND(AP4>=0.5,AP4<=3),"0,5 a 3",IF(AND(AP4>=3.5,AP4<=6),"3,5 a 6",IF(AND(AP4>=6.5,AP4<=9),"6,5 a 9",IF(AND(AP4>=9.5,AP4<=20),"9,5 a 20","Fuera de rango")))))))))) -> -2,5 a 0 | AR4: =IF(AQ4="","",IF(AQ4="-20 a -9,5",1,IF(AQ4="-9 a -6,5",2,IF(AQ4="-6","NORMA",IF(AQ4="-5,5 a -3",3,IF(AQ4="-2,5 a 0",4,IF(AQ4="0,5 a 3",5,IF(AQ4="3,5 a 6",6,IF(AQ4="6,5 a 9",7,IF(AQ4="9,5 a 20",8,"")))))))))) -> 4 | AS4: 2 | AT4: =IF(AS4="","",IF(AND(AS4>=-16,AS4<=-14),"-16 a -14",IF(AND(AS4>=-13.5,AS4<=-11.5),"-13,5 a -11,5",IF(AND(AS4>=-11,AS4<=-9),"-11 a -9",IF(AND(AS4>=-8.5,AS4<=-6.5),"-8,5 a -6,5",IF(AND(AS4>=-6,AS4<=-4),"-6 a -4",IF(AND(AS4>=-3.5,AS4<=-1.5),"-3,5 a -1,5",IF(AND(AS4>=-1,AS4<=1),"-1 a 1",IF(AND(AS4>=1.5,AS4<=3.5),"1,5 a 3,5",IF(AND(AS4>=4,AS4<=6),"4 a 6",IF(AND(AS4>=6.5,AS4<=8.5),"6,5 a 8,5",IF(AND(AS4>=9,AS4<=11),"9 a 11",IF(AND(AS4>=11.5,AS4<=13.5),"11,5 a 13,5",IF(AND(AS4>=14,AS4<=16),"14 a 16",IF(AND(AS4>=16.5,AS4<=18.5),"16,5 a 18,5",IF(AND(AS4>=19,AS4<=21),"19 a 21","Fuera de rango")))))))))))))))) -> 1,5 a 3,5 | AU4: {=IF(AT4="","",_xlfn.IFS(AT4="-16 a -14",1,AT4="-13,5 a -11,5",2,AT4="-11 a -9",3,AT4="-8,5 a -6,5",4,AT4="-6 a -4",5,AT4="-3,5 a -1,5",6,AT4="-1 a 1",7,AT4="1,5 a 3,5",8,AT4="4 a 6","NORMA",AT4="6,5 a 8,5",9,AT4="9 a 11",10,AT4="11,5 a 13,5",11,AT4="14 a 16",12,AT4="16,5 a 18,5",13,AT4="19 a 21",14,TRUE(),""))} -> 8 | AV4: -1 | AW4: =IF(AV4="","",IF(AND(AV4>=-1,AV4<=-0.5),"-1 a -0,5",IF(AND(AV4>-0.5,AV4<=0),"De -0,5 a 0",IF(AND(AV4>=0.25,AV4<=0.75),"0,25 a 0,75",IF(AND(AV4>=1,AV4<=1.5),"1 a 1,5",IF(AND(AV4>=1.75,AV4<=2.25),"1,75 a 2,25",IF(AND(AV4>=2.5,AV4<=3),"2,5 a 3",IF(AND(AV4>=3.25,AV4<=3.75),"3,25 a 3,75","Fuera de rango")))))))) -> -1 a -0,5 | AX4: =IF(AW4="","",IF(OR(AW4="-1 a -0,5",AW4="-1 a -0.5"),1,IF(OR(AW4="De -0,5 a 0",AW4="-0,5 a 0",AW4="De -0.5 a 0"),2,IF(OR(AW4="0,25 a 0,75",AW4="0.25 a 0.75"),"NORMA",IF(OR(AW4="1 a 1,5",AW4="1 a 1.5"),3,IF(OR(AW4="1,75 a 2,25",AW4="1.75 a 2.25"),4,IF(OR(AW4="2,5 a 3",AW4="2.5 a 3"),5,IF(OR(AW4="3,25 a 3,75",AW4="3.25 a 3.75"),6,"")))))))) -> 1 | AY4: 1 | AZ4: =IF(AY4="","",IF(AND(AY4>=-20,AY4<=-9.5),"-20 a -9,5",IF(AND(AY4>=-9,AY4<=-6.5),"-9 a -6,5",IF(AY4=-6,"-6",IF(AND(AY4>=-5.5,AY4<=-3),"-5,5 a -3",IF(AND(AY4>=-2.5,AY4<=0),"-2,5 a 0",IF(AND(AY4>=0.5,AY4<=3),"0,5 a 3",IF(AND(AY4>=3.5,AY4<=6),"3,5 a 6","Fuera de rango")))))))) -> 0,5 a 3 | BA4: =IF(AZ4="","",IF(AZ4="-20 a -9,5",1,IF(AZ4="-9 a -6,5",2,IF(AZ4="-6","NORMA",IF(AZ4="-5,5 a -3",3,IF(AZ4="-2,5 a 0",4,IF(AZ4="0,5 a 3",5,IF(AZ4="3,5 a 6",6,"")))))))) -> 5 | BB4: 0 | BC4: {=IF(BB4="","",_xlfn.IFS(AND(BB4>=0,BB4<=2),"0 a 2",AND(BB4>=2.5,BB4<=4.5),"2,5 a 4,5",AND(BB4>=5,BB4<=7),"5 a 7",AND(BB4>=7.5,BB4<=9.5),"7,5 a 9,5",AND(BB4>=10,BB4<=12),"10 a 12",AND(BB4>=12.5,BB4<=14.5),"12,5 a 14,5",BB4=15,"15",AND(BB4>=15.5,BB4<=17.5),"15,5 a 17,5",AND(BB4>=18,BB4<=20),"18 a 20",AND(BB4>=20.5,BB4<=22.5),"20,5 a 22,5",AND(BB4>=23,BB4<=25),"23 a 25",TRUE(),"Fuera de rango"))} -> 0 a 2 | BD4: {=IF(BC4="","",_xlfn.IFS(BC4="0 a 2",1,BC4="2,5 a 4,5",2,BC4="5 a 7",3,BC4="7,5 a 9,5",4,BC4="10 a 12",5,BC4="12,5 a 14,5",6,BC4="15","NORMA",BC4="15,5 a 17,5",7,BC4="18 a 20",8,BC4="20,5 a 22,5",9,BC4="23 a 25",10,TRUE(),"Fuera de rango"))} -> 1 | BE4: 20 | BF4: =IF(BE4="","",IF(AND(BE4>=-20,BE4<=-10),"-20 a -10",IF(AND(BE4>=-9.5,BE4<=0.5),"-9,5 a 0,5",IF(AND(BE4>=1,BE4<=11),"1 a 11",IF(AND(BE4>=11.5,BE4<=20.5),"11,5 a 20,5",IF(BE4=21,"21",IF(AND(BE4>=21.5,BE4<=31.5),"21,5 a 31,5",IF(AND(BE4>=32,BE4<=42),"32 a 42","Fuera de rango")))))))) -> 11,5 a 20,5 | BG4: =IF(BF4="","",IF(BF4="-20 a -10",1,IF(BF4="-9,5 a 0,5",2,IF(BF4="1 a 11",3,IF(BF4="11,5 a 20,5",4,IF(BF4="21","NORMA",IF(BF4="21,5 a 31,5",5,IF(BF4="32 a 42",6,"")))))))) -> 4 | BH4: 10 | BI4: =IF(BH4="","",IF(AND(BH4>=-20,BH4<=-15),"-20 a -15",IF(AND(BH4>=-14.5,BH4<=-9.5),"-14,5 a -9,5",IF(AND(BH4>=-9,BH4<=-4),"-9 a -4",IF(AND(BH4>=-3.5,BH4<=2.5),"-3,5 a 2,5",IF(AND(BH4>=3,BH4<=8),"3 a 8",IF(AND(BH4>=8.5,BH4<=14.5),"8,5 a 14,5",IF(BH4=15,"15",IF(AND(BH4>=15.5,BH4<=20.5),"15,5 a 20,5",IF(AND(BH4>=21,BH4<=26),"21 a 26","Fuera de rango")))))))))) -> 8,5 a 14,5 | BJ4: =IF(BI4="","",IF(BI4="-20 a -15",1,IF(BI4="-14,5 a -9,5",2,IF(BI4="-9 a -4",3,IF(BI4="-3,5 a 2,5",4,IF(BI4="3 a 8",5,IF(BI4="8,5 a 14,5",6,IF(BI4="15","NORMA",IF(BI4="15,5 a 20,5",7,IF(BI4="21 a 26",8,IF(BI4="26,5 a 31,5",9,""))))))))))) -> 6 | BK4: 0 | BL4: =IF(BK4="","",IF(AND(BK4>=0,BK4<=2),"0 - 2",IF(AND(BK4>=2.5,BK4<=4.5),"2,5 - 4,5",IF(AND(BK4>=5,BK4<=7),"5 - 7",IF(AND(BK4>=7.5,BK4<=9.5),"7,5 - 9,5",IF(AND(BK4>=10,BK4<=12),"10 - 12",IF(AND(BK4>=12.5,BK4<=13.5),"12,5 - 13,5",IF(BK4=14,"14",IF(AND(BK4>=14.5,BK4<=16.5),"14,5 - 16,5",IF(AND(BK4>=17,BK4<=19),"17 - 19",IF(AND(BK4>=19.5,BK4<=21.5),"19,5 - 21,5",IF(AND(BK4>=22,BK4<=24),"22 - 24",IF(AND(BK4>=24.5,BK4<=26.5),"24,5 - 26,5",IF(AND(BK4>=27,BK4<=29),"27 - 29",IF(AND(BK4>=29.5,BK4<=30),"29,5 - 30","Fuera de rango"))))))))))))))) -> 0 - 2 | BM4: =IF(BL4="","",IF(BL4="0 - 2",1,IF(BL4="2,5 - 4,5",2,IF(BL4="5 - 7",3,IF(BL4="7,5 - 9,5",4,IF(BL4="10 - 12",5,IF(BL4="12,5 - 13,5",6,IF(BL4="14","NORMA",IF(BL4="14,5 - 16,5",7,IF(BL4="17 - 19",8,IF(BL4="19,5 - 21,5",9,IF(BL4="22 - 24",10,IF(BL4="24,5 - 26,5",11,IF(BL4="27 - 29",12,IF(BL4="29,5 - 30",13,""))))))))))))))) -> 1 | BN4: 15 | BO4: =IF(BN4="","",IF(AND(BN4>=-20,BN4<=-10),"-20 a -10",IF(AND(BN4>=-9.5,BN4<=0.5),"-9,5 a 0,5",IF(AND(BN4>=1,BN4<=11),"1 a 11",IF(AND(BN4>=11.5,BN4<=21.5),"11,5 a 21,5",IF(BN4=22,"22",IF(AND(BN4>=22.5,BN4<=32.5),"22,5 a 32,5",IF(AND(BN4>=33,BN4<=43),"33 a 43","Fuera de rango")))))))) -> 11,5 a 21,5 | BP4: =IF(BO4="","",IF(BO4="-20 a -10",1,IF(BO4="-9,5 a 0,5",2,IF(BO4="1 a 11",3,IF(BO4="11,5 a 21,5",4,IF(BO4="22","NORMA",IF(BO4="22,5 a 32,5",5,IF(BO4="33 a 43",6,"")))))))) -> 4 | BQ4: 10 | BR4: =IF(BQ4="","",IF(AND(BQ4>=-20,BQ4<=-15),"-20 a -15",IF(AND(BQ4>=-14.5,BQ4<=-9.5),"-14,5 a -9,5",IF(AND(BQ4>=-9,BQ4<=-4),"-9 a -4",IF(AND(BQ4>=-3.5,BQ4<=2.5),"-3,5 a 2,5",IF(AND(BQ4>=3,BQ4<=8),"3 a 8",IF(AND(BQ4>=8.5,BQ4<=13.5),"8,5 a 13,5",IF(AND(BQ4>=14,BQ4<=17.5),"14 a 17,5",IF(BQ4=18,"18",IF(AND(BQ4>=18.5,BQ4<=23.5),"18,5 a 23,5",IF(AND(BQ4>=24,BQ4<=29),"24 a 29",IF(AND(BQ4>=29.5,BQ4<=34.5),"29,5 a 34,5",IF(AND(BQ4>=35,BQ4<=40),"35 a 40","Fuera de rango"))))))))))))) -> 8,5 a 13,5 | BS4: =IF(BR4="","",IF(BR4="-20 a -15",1,IF(BR4="-14,5 a -9,5",2,IF(BR4="-9 a -4",3,IF(BR4="-3,5 a 2,5",4,IF(BR4="3 a 8",5,IF(BR4="8,5 a 13,5",6,IF(BR4="14 a 17,5",7,IF(BR4="18","NORMA",IF(BR4="18,5 a 23,5",8,IF(BR4="24 a 29",9,IF(BR4="29,5 a 34,5",10,IF(BR4="35 a 40",11,""))))))))))))) -> 6 | BT4: 0 | BU4: =IF(BT4="","",IF(AND(BT4>=-20,BT4<=-18),"-20 a -18",IF(AND(BT4>=-17.5,BT4<=-15.5),"-17,5 a -15,5",IF(AND(BT4>=-15,BT4<=-13),"-15 a -13",IF(AND(BT4>=-12.5,BT4<=-10.5),"-12,5 a -10,5",IF(AND(BT4>=-10,BT4<=-8),"-10 a -8",IF(AND(BT4>=-7.5,BT4<=-5.5),"-7,5 a -5,5",IF(AND(BT4>=-5,BT4<=-3),"-5 a -3",IF(AND(BT4>=-2.5,BT4<=-0.5),"-2,5 a -0,5",IF(BT4=0,"0",IF(AND(BT4>=0.5,BT4<=2.5),"0,5 a 2,5",IF(AND(BT4>=3,BT4<=5),"3 a 5",IF(AND(BT4>=5.5,BT4<=7.5),"5,5 a 7,5",IF(AND(BT4>=8,BT4<=10),"8 a 10",IF(AND(BT4>=10.5,BT4<=12.5),"10,5 a 12,5",IF(AND(BT4>=13,BT4<=15),"13 a 15",IF(AND(BT4>=15.5,BT4<=17.5),"15,5 a 17,5",IF(AND(BT4>=18,BT4<=20),"18 a 20","Fuera de rango")))))))))))))))))) -> 0 | BV4: =IF(BT4="","",IF(BT4=0,"NORMA",IF(AND(BT4>=-20,BT4<=-18),2,IF(AND(BT4>=-17.5,BT4<=-15.5),2,IF(AND(BT4>=-15,BT4<=-13),3,IF(AND(BT4>=-12.5,BT4<=-10.5),4,IF(AND(BT4>=-10,BT4<=-8),5,IF(AND(BT4>=-7.5,BT4<=-5.5),6,IF(AND(BT4>=-5,BT4<=-3),7,IF(AND(BT4>=-2.5,BT4<=-0.5),8,IF(AND(BT4>=0.5,BT4<=2.5),9,IF(AND(BT4>=3,BT4<=5),10,IF(AND(BT4>=5.5,BT4<=7.5),11,IF(AND(BT4>=8,BT4<=10),12,IF(AND(BT4>=10.5,BT4<=12.5),13,IF(AND(BT4>=13,BT4<=15),14,IF(AND(BT4>=15.5,BT4<=17.5),15,IF(AND(BT4>=18,BT4<=20),16,"Fuera de rango")))))))))))))))))) -> NORMA | BW4: -5.5 | BX4: =18.5- (0.3*H4) -> 9.2 | BY4: =(BW4)-(BX4) -> -14.7 | BZ4: =IF(BY4="","",IF(BY4<-27.5,"De -30 a -28",IF(BY4<-25,"De -27,5 a -25,5",IF(BY4<-22.5,"De -25 a -23",IF(BY4<-20,"De -22,5 a -20,5",IF(BY4<-17.5,"De -20 a -18",IF(BY4<-15,"De -17,5 a -15,5",IF(BY4<-12.5,"De -15 a -13",IF(BY4<-10,"De -12,5 a -10,5",IF(BY4<-7.5,"De -10 a -8",IF(BY4<-5,"De -7,5 a -5,5",IF(BY4<-2.5,"De -5 a -3",IF(BY4<0,"De -2,5 a -0,5",IF(BY4<2.5,"De 0 a 2",IF(BY4<5,"De 2,5 a 4,5",IF(BY4<7.5,"De 5 a 7",IF(BY4<10,"De 7,5 a 9,5",IF(BY4<12.5,"De 10 a 12",IF(BY4<15,"De 12,5 a 14,5",IF(BY4<17.5,"De 15 a 17",IF(BY4<20,"De 17,5 a 19,5",IF(BY4<22.5,"De 20 a 22",IF(BY4<25,"De 22,5 a 24,5",IF(BY4<27.5,"De 25 a 27","De 27,5 a 30")))))))))))))))))))))))) -> De -15 a -13 | CA4: =IF(BY4="","",IF(BY4<=-28,1,IF(BY4<=-25.5,2,IF(BY4<=-23,3,IF(BY4<=-20.5,4,IF(BY4<=-18,5,IF(BY4<=-15.5,6,IF(BY4<=-13,7,IF(BY4<=-10.5,8,IF(BY4<=-8,9,IF(BY4<=-5.5,10,IF(BY4<=-3,11,IF(BY4<=-0.5,12,IF(BY4<=2,13,IF(BY4<=4.5,14,IF(BY4<=7,15,IF(BY4<=9.5,16,IF(BY4<=12,17,IF(BY4<=14.5,18,IF(BY4<=17,19,IF(BY4<=19.5,20,IF(BY4<=22,21,IF(BY4<=24.5,22,IF(BY4<=27,23,IF(BY4<=30,24,"Fuera de rango"))))))))))))))))))))))))) -> 7 | CB4: -5.5 | CC4: =18.5- (0.3*H4) -> 9.2 | CD4: =(CB4)-(CC4) -> -14.7 | CE4: =IF(CD4="","",IF(CD4<-27.5,"De -30 a -28",IF(CD4<-25,"De -27,5 a -25,5",IF(CD4<-22.5,"De -25 a -23",IF(CD4<-20,"De -22,5 a -20,5",IF(CD4<-17.5,"De -20 a -18",IF(CD4<-15,"De -17,5 a -15,5",IF(CD4<-12.5,"De -15 a -13",IF(CD4<-10,"De -12,5 a -10,5",IF(CD4<-7.5,"De -10 a -8",IF(CD4<-5,"De -7,5 a -5,5",IF(CD4<-2.5,"De -5 a -3",IF(CD4<0,"De -2,5 a -0,5",IF(CD4<=2,"De 0 a 2",IF(CD4<=4.5,"De 2,5 a 4,5",IF(CD4<=7,"De 5 a 7",IF(CD4<=9.5,"De 7,5 a 9,5",IF(CD4<=12,"De 10 a 12",IF(CD4<=14.5,"De 12,5 a 14,5",IF(CD4<=17,"De 15 a 17",IF(CD4<=19.5,"De 17,5 a 19,5",IF(CD4<=22,"De 20 a 22",IF(CD4<=24.5,"De 22,5 a 24,5",IF(CD4<=27,"De 25 a 27","De 27,5 a 30")))))))))))))))))))))))) -> De -15 a -13 | CF4: =IF(CD4="","",IF(CD4<-27.5,1,IF(CD4<-25,2,IF(CD4<-22.5,3,IF(CD4<-20,4,IF(CD4<-17.5,5,IF(CD4<-15,6,IF(CD4<-12.5,7,IF(CD4<-10,8,IF(CD4<-7.5,9,IF(CD4<-5,10,IF(CD4<-2.5,11,IF(CD4<0,12,IF(CD4<2.5,13,IF(CD4<5,14,IF(CD4<7.5,15,IF(CD4<10,16,IF(CD4<12.5,17,IF(CD4<15,18,IF(CD4<17.5,19,IF(CD4<20,20,IF(CD4<22.5,21,IF(CD4<25,22,IF(CD4<27.5,23,24)))))))))))))))))))))))) -> 7 | CG4: -2.75 | CH4: =IF(CG4="","",IF(AND(CG4>=-10,CG4<=-9.5),"-10 a -9,5",IF(AND(CG4>-9.5,CG4<=-8.5),"-9 a -8,5",IF(AND(CG4>-8.5,CG4<=-7.5),"-8 a -7,5",IF(AND(CG4>-7.5,CG4<=-6.5),"-7 a -6,5",IF(AND(CG4>-6.5,CG4<=-5.5),"-6 a -5,5",IF(AND(CG4>-5.5,CG4<=-4.5),"-5 a -4,5",IF(AND(CG4>-4.5,CG4<=-3.5),"-4 a -3,5",IF(AND(CG4>-3.5,CG4<=-2.5),"-3 a -2,5",IF(CG4=-2.25,"-2,25",IF(AND(CG4>-2.5,CG4<=-1.5),"-2 a -1,5",IF(AND(CG4>-1.5,CG4<=-0.5),"-1 a -0,5",IF(AND(CG4>-0.5,CG4<=0.5),"0 a 0,5",IF(AND(CG4>0.5,CG4<=1.5),"1 a 1,5",IF(AND(CG4>1.5,CG4<=2.5),"2 a 2,5",IF(AND(CG4>2.5,CG4<=3.5),"3 a 3,5",IF(AND(CG4>3.5,CG4<=4.5),"4 a 4,5",IF(AND(CG4>4.5,CG4<=5.5),"5 a 5,5",IF(AND(CG4>5.5,CG4<=6.5),"6 a 6,5",IF(AND(CG4>6.5,CG4<=7.5),"7 a 7,5",IF(AND(CG4>7.5,CG4<=8.5),"8 a 8,5",IF(AND(CG4>8.5,CG4<=9.5),"9 a 9,5",IF(CG4>=10,"10","Fuera de rango"))))))))))))))))))))))) -> -3 a -2,5 | CI4: =IF(CG4="","",IF(CG4=-2.25,"NORMA",IF(CG4<=-9.5,1,IF(CG4<=-8.5,2,IF(CG4<=-7.5,3,IF(CG4<=-6.5,4,IF(CG4<=-5.5,5,IF(CG4<=-4.5,6,IF(CG4<=-3.5,7,IF(CG4<=-2.5,8,IF(CG4<=-1.5,9,IF(CG4<=-0.5,10,IF(CG4<=0.5,11,IF(CG4<=1.5,12,IF(CG4<=2.5,13,IF(CG4<=3.5,14,IF(CG4<=4.5,15,IF(CG4<=5.5,16,IF(CG4<=6.5,17,IF(CG4<=7.5,18,IF(CG4<=8.5,19,IF(CG4<=9.5,20,IF(CG4=10,21,"Fuera de rango"))))))))))))))))))))))) -> 8 | CJ4: 0.75 | CK4: =IF(CJ4="","",IF(AND(CJ4>=-6,CJ4<=-5.5),"-6 a -5,5",IF(AND(CJ4>-5.5,CJ4<=-4.5),"-5 a -4,5",IF(AND(CJ4>-4.5,CJ4<=-3.5),"-4 a -3,5",IF(AND(CJ4>-3.5,CJ4<=-2.5),"-3 a -2,5",IF(AND(CJ4>-2.5,CJ4<=-1.5),"-2 a -1,5",IF(AND(CJ4>-1.5,CJ4<=-0.5),"-1 a -0,5",IF(AND(CJ4>-0.5,CJ4<=0.5),"0 a 0,5",IF(AND(CJ4>0.5,CJ4<=1.5),"1 a 1,5",IF(AND(CJ4>1.5,CJ4<2.5),"2",IF(AND(CJ4>=2.5,CJ4<=3),"2,5 a 3",IF(AND(CJ4>3,CJ4<=4),"3,5 a 4",IF(AND(CJ4>4,CJ4<=5),"4,5 a 5",IF(AND(CJ4>5,CJ4<=6),"5,5 a 6",IF(AND(CJ4>6,CJ4<=7),"6,5 a 7",IF(AND(CJ4>7,CJ4<=8),"7,5 a 8",IF(AND(CJ4>8,CJ4<=9.5),"8,5 a 9,5",IF(CJ4=10,"10","Fuera de rango")))))))))))))))))) -> 1 a 1,5 | CL4: =IF(CK4="","",IF(OR(CK4="-6 a -5,5",CK4="-6 - -5,5"),1,IF(OR(CK4="-5 a -4,5",CK4="-5 - -4,5"),2,IF(OR(CK4="-4 a -3,5",CK4="-4 - -3,5"),3,IF(OR(CK4="-3 a -2,5",CK4="-3 - -2,5"),4,IF(OR(CK4="-2 a -1,5",CK4="-2 - -1,5"),5,IF(OR(CK4="-1 a -0,5",CK4="-1 - -0,5"),6,IF(OR(CK4="0 a 0,5",CK4="0 - 0,5"),7,IF(OR(CK4="1 a 1,5",CK4="1 - 1,5"),8,IF(CK4="2","NORMA",IF(OR(CK4="2,5 a 3",CK4="2,5 - 3"),9,IF(OR(CK4="3,5 a 4",CK4="3,5 - 4"),10,IF(OR(CK4="4,5 a 5",CK4="4,5 - 5"),11,IF(OR(CK4="5,5 a 6",CK4="5,5 - 6"),12,IF(OR(CK4="6,5 a 7",CK4="6,5 - 7"),13,IF(OR(CK4="7,5 a 8",CK4="7,5 - 8"),14,IF(OR(CK4="8,5 a 9",CK4="8,5 - 9,5",CK4="9 a 9,5"),15,IF(CK4="10",15,IF(OR(CK4="0,5 a 1",CK4="0,5 - 1"),7,"Fuera de rango"))))))))))))))))))) -> 8 | CM4: 0 | CN4: =IF(CM4=0,"0", " ") -> 0 | CO4: =IF(CM4>0,"EME"," ") | CP4: 0 | CQ4: =IF(CP4>0,"0", " ") | CR4: =IF(CP4>0,"EME"," ") | CS4: 0 | CT4: =IF(CS4>0,"1", " ") | CU4: =IF(CS4>0,"HIP"," ") | CV4: 0 | CW4: =IF(CV4>0,"1", " ") | CX4: =IF(CV4>0,"HIP"," ") | CY4: -1.5 | CZ4: =IF(CY4<0,"2"," ") -> 2 | DA4: =IF(CY4<0,"MIO"," ") -> MIO | DB4: -2.25 | DC4: =IF(DB4<0,"2"," ") -> 2 | DD4: =IF(DB4<0,"MIO"," ") -> MIO | DE4: -0.5 | DF4: =IF(DE4<0,"3"," ") -> 3 | DG4: =IF(DE4<0,"AST"," ") -> AST | DH4: -0.5 | DI4: =IF(DH4<0,"3"," ") -> 3 | DJ4: =IF(DH4<0,"AST"," ") -> AST | DK4: 0 | DL4: =IF(DK4>0,"4"," ") | DM4: =IF(DK4>0,"PRE"," ") | DN4: 0 | DO4: =IF(DN4>0,"4"," ") | DP4: =IF(DN4>0,"PRE"," ") | DQ4: 2 | DR4: 2 | DS4: =CONCATENATE(CO4,CU4,DA4,DG4,DM4) -> MIOAST | DT4: {=_xlfn.IFS(DS4="EME ","0", DS4=" HIP ","1", DS4=" MIO ","2", DS4=" AST ","3", DS4=" PRE","4", DS4="EME PRE","5", DS4=" HIP PRE","6", DS4=" HIP AST ","7", DS4=" MIO PRE","8", DS4=" MIOAST ","9", DS4=" ASTPRE","10",DS4=" HIP ASTPRE","11", DS4=" MIOASTPRE","12", DS4=" ","0")} -> 9 | DU4: NO | DV4: {=_xlfn.IFS(DU4="SI","2", DU4="NO","1")} -> 1 | DW4: 0 | DX4: =IF(DW4=0,"1","2") -> 1 | DY4: {=_xlfn.IFS(DW4=0,"0", DW4=0.25, "1", DW4=0.5,"2", DW4=0.75,"3", DW4=1,"4",DW4=1.25,"5", DW4=1.5,"6", DW4=1.75,"7", DW4=2,"8")} -> 0 | DZ4: 0 | EA4: =IF(DZ4=0,"1","2") -> 1 | EB4: {=_xlfn.IFS(DZ4=0,"0", DZ4=0.25, "1", DZ4=0.5,"2", DZ4=0.75,"3", DZ4=1,"4",DZ4=1.25,"5", DZ4=1.5,"6", DZ4=1.75,"7", DZ4=2,"8")} -> 0 | EC4: 0 | ED4: =IF(EC4=0,"1","2") -> 1 | EE4: {=_xlfn.IFS(EC4=0,"0", EC4=-0.25, "1", EC4=-0.5,"2", EC4=-0.75,"3", EC4=-1,"4",EC4=-1.25,"5", EC4=-1.5,"6", EC4=-1.75,"7", EC4=-2,"8", EC4=-2.25,"9",EC4=-2.5,"10", EC4=-2.75,"11", EC4=-3,"12", EC4=-3.25,"13", EC4=-3.5,"14", EC4=-3.75,"15",EC4=-4,"16")} -> 0 | EF4: -0.25 | EG4: =IF(EF4=0,"1","2") -> 2 | EH4: {=_xlfn.IFS(EF4=0,"0", EF4=-0.25, "1", EF4=-0.5,"2", EF4=-0.75,"3", EF4=-1,"4",EF4=-1.25,"5", EF4=-1.5,"6", EF4=-1.75,"7", EF4=-2,"8", EF4=-2.25,"9",EF4=-2.5,"10", EF4=-2.75,"11", EF4=-3,"12", EF4=-3.25,"13", EF4=-3.5,"14", EF4=-3.75,"15",EF4=-4,"16")} -> 1 | EI4: -0.25 | EJ4: =IF(EI4=0,"1","2") -> 2 | EK4: {=_xlfn.IFS(EI4=0,"0", EI4=-0.25, "1", EI4=-0.5,"2", EI4=-0.75,"3", EI4=-1,"4",EI4=-1.25,"5", EI4=-1.5,"6", EI4=-1.75,"7", EI4=-2,"8", EI4=-2.25,"9", EI4=-2.25,"9",EI4=-2.5,"10", EI4=-2.75,"11", EI4=-3,"12", EI4=-3.25,"13", EI4=-3.5,"14", EI4=-3.75,"15",EI4=-4,"16", EI4=0.25, "17", EI4=0.5, "18")} -> 1 | EL4: 0 | EM4: =IF(EL4=0,"1","2") -> 1 | EN4: {=_xlfn.IFS(EL4=0.25,"17",EL4=0.5,"18", EL4=0,"0", EL4=-0.25, "1", EL4=-0.5,"2", EL4=-0.75,"3", EL4=-1,"4",EL4=-1.25,"5", EL4=-1.5,"6", EL4=-1.75,"7", EL4=-2,"8",EL4= -2.25,"9",EL4=-2.5,"10",EL4= -2.75,"11",EL4= -3,"12",EL4= -3.25,"13",EL4= -3.5,"14",EL4= -3.75,"15",EL4=-4,"16")} -> 0 | EO4: 0 | EP4: =IF(EO4=0,"1","2") -> 1 | EQ4: {=_xlfn.IFS(EO4=0,"0", EO4=0.25, "1", EO4=0.5,"2", EO4=0.75,"3", EO4=1,"4",EO4=1.25,"5", EO4=1.5,"6", EO4=1.75,"7", EO4=2,"8", EO4=2.25,"9", EO4=2.25,"9",EO4=2.5,"10", EO4=2.75,"11", EO4=3,"12", EO4=3.25,"13", EO4=3.5,"14", EO4=3.75,"15",EO4=4,"16", EO4=-0.25, "17", bq=-0.5, "18")} -> 0 | ER4: 0 | ES4: =IF(ER4=0,"1","2") -> 1 | ET4: {=_xlfn.IFS(ER4=0,"0", ER4=0.25, "1", ER4=0.5,"2", ER4=0.75,"3", ER4=1,"4",ER4=1.25,"5", ER4=1.5,"6", ER4=1.75,"7", ER4=2,"8", ER4=2.25,"9", ER4=2.25,"9",ER4=2.5,"10", ER4=2.75,"11", ER4=3,"12", ER4=3.25,"13", ER4=3.5,"14", ER4=3.75,"15",ER4=4,"16", ER4=-0.25, "17", bq=-0.5, "18")} -> 0 | EU4: 9 | EV4: =VLOOKUP(EU4,LEYENDA!$G$2:$H$8,2,TRUE()) -> 6-12 | EW4: {=_xlfn.IFS(EV4="0-5","1", EV4="6-12","2", EV4="13-18","3", EV4="19-24","4", EV4="25-36","5", EV4="37-48","6", EV4="49-60","7")} -> 2
A5: 2 | B5: 1 | C5: 36671 | E5: =VLOOKUP(A5,'286'!$A$3:$J$600,10,FALSE()) -> ACEÑA ABEJÓN, JULIÁN | F5: =VLOOKUP(A5,'286'!$A$3:$I$1768,3,FALSE()) -> AAJU | G5: =VLOOKUP(A5,'286'!$A$3:$I$1768,4,FALSE()) -> 20353 | H5: =YEAR(C5)-YEAR(G5) -> 45 | I5: =VLOOKUP(H5,LEYENDA!$C$2:$D$6,2,TRUE()) -> 41-60 | J5: =VLOOKUP(A5,'286'!$A$3:$I$1768,7,FALSE()) -> H | K5: =VLOOKUP(A5,'286'!$A$3:$I$1768,2,FALSE()) -> OD | L5: =VLOOKUP(A5,'286'!$A$3:$I$1768,8,FALSE()) -> D | M5: =VLOOKUP(A5,'286'!$A$3:$I$1768,9,FALSE()) -> D | N5: =IF(R5=O5, "MISMA","CONTRARIA") -> MISMA | O5: {=_xlfn.IFS(L5="D","1", L5="I","2")} -> 1 | P5: {=_xlfn.IFS(K5="OD","1", K5="OI","2")} -> 1 | Q5: {=_xlfn.IFS(J5="M","1", J5="H","2")} -> 2 | R5: {=_xlfn.IFS(M5="D","1", M5="I","2")} -> 1 | S5: {=_xlfn.IFS(N5="CONTRARIA", "1",N5= "MISMA","2")} -> 2 | T5: {=_xlfn.IFS(I5="0-12","1", I5="13-24","2", I5="25-40","3", I5="41-60","4", I5="61-100","5")} -> 4 | U5: 2 | V5: =IF(U5="","",IF(AND(U5>=-9,U5<=-6.5),"-9 a -6,5",IF(AND(U5>=-6,U5<=-3.5),"-6 a -3,5",IF(AND(U5>=-3,U5<=-1),"-3 a -1",IF(U5=-0.5,"-0,5",IF(AND(U5>=0,U5<=2.5),"0 a 2,5",IF(AND(U5>=3,U5<=5.5),"3 a 5,5",IF(AND(U5>=6,U5<=8.5),"6 a 8,5",IF(AND(U5>=9,U5<=20),"9 a 20","Fuera de rango"))))))))) -> 0 a 2,5 | W5: =IF(V5="","",IF(V5="-9 a -6,5",2,IF(V5="-6 a -3,5",3,IF(V5="-3 a -1",4,IF(V5="-0,5","NORMA",IF(V5="0 a 2,5",5,IF(V5="3 a 5,5",6,IF(V5="6 a 8,5",7,IF(V5="9 a 20",8,"Fuera de rango"))))))))) -> 5 | X5: 0 | Y5: =IF(X5="","",IF(AND(X5>=0,X5<=4),"0 a 4",IF(AND(X5>=4.5,X5<=8.5),"4,5 a 8,5",IF(X5=9,"9",IF(AND(X5>=9.5,X5<=13),"9,5 a 13",IF(AND(X5>=13.5,X5<=20),"13,5 a 20",IF(AND(X5>=20.5,X5<=35),"20,5 a 35","Fuera de rango"))))))) -> 0 a 4 | Z5: =IF(Y5="","",IF(Y5="0 a 4",1,IF(Y5="4,5 a 8,5",2,IF(Y5="9","NORMA",IF(Y5="9,5 a 13",3,IF(Y5="13,5 a 20",4,IF(Y5="20,5 a 35",5,"Fuera de rango"))))))) -> 1 | AA5: 22 | AB5: =IF(AA5="","",IF(AND(AA5>=0,AA5<=9),"0 a 9",IF(AND(AA5>=9.5,AA5<=18.5),"9,5 a 18,5",IF(AA5=19,"19",IF(AND(AA5>=19.5,AA5<=28),"19,5 a 28",IF(AND(AA5>=28.5,AA5<=40),"28,5 a 40","Fuera de rango")))))) -> 19,5 a 28 | AC5: {=_xlfn.IFS(AB5="","",AB5="0 a 9",1,AB5="9,5 a 18,5",2,AB5="19","NORMA",AB5="19,5 a 28",3,AB5="28,5 a 40",4,TRUE(),"Fuera de rango")} -> 3 | AD5: 4 | AE5: =IF(AD5="","",IF(AND(AD5>=-10,AD5<=0),"De -10 a 0",IF(AND(AD5>=0.5,AD5<=9.5),"0,5 a 9,5",IF(AD5=10,"10",IF(AND(AD5>=10.5,AD5<=20),"10,5 a 20",IF(AND(AD5>=20.5,AD5<=40),"20,5 a 40","Fuera de rango")))))) -> 0,5 a 9,5 | AF5: =IF(AD5="","",IF(AND(AD5>=-10,AD5<=0),1,IF(AND(AD5>=0.5,AD5<=9.5),2,IF(AD5=10,"NORMA",IF(AND(AD5>=10.5,AD5<=20),3,IF(AND(AD5>=20.5,AD5<=40),4,"")))))) -> 2 | AH5: =IF(AG5="","",IF(AND(AG5>=0,AG5<=4),"0 a 4",IF(AND(AG5>=4.5,AG5<=8.5),"4,5 a 8,5",IF(AG5=9,"9",IF(AND(AG5>=9.5,AG5<=13),"9,5 a 13",IF(AND(AG5>=13.5,AG5<=25),"13,5 a 25","Fuera de rango")))))) | AI5: =IF(AH5="","",IF(AH5="0 a 4",1,IF(AH5="4,5 a 8,5",2,IF(AH5="9","NORMA",IF(AH5="9,5 a 13",3,IF(AH5="13,5 a 25",4,"")))))) | AJ5: -1 | AK5: =IF(AJ5="","",IF(AND(AJ5>=-15,AJ5<=-10.5),"-15 a -10,5",IF(AND(AJ5>=-10,AJ5<=-4),"-10 a -4",IF(AND(AJ5>=-4.5,AJ5<=0),"-4,5 a 0",IF(AND(AJ5>=0.5,AJ5<=4.5),"0,5 a 4,5",IF(AJ5=5,"5",IF(AND(AJ5>=5.5,AJ5<=10),"5,5 a 10",IF(AND(AJ5>=10.5,AJ5<=20),"10,5 a 20","Fuera de rango")))))))) -> -4,5 a 0 | AL5: =IF(AK5="","",IF(AK5="-15 a -10,5",1,IF(AK5="-10 a -4",2,IF(AK5="-4,5 a 0",3,IF(AK5="0,5 a 4,5",4,IF(AK5="5","NORMA",IF(AK5="5,5 a 10",5,IF(AK5="10,5 a 20",6,"Error")))))))) -> 3 | AM5: 1.5 | AN5: =IF(AM5="","",IF(AND(AM5>=-7.5,AM5<=-5.5),"-7,5 a -5,5",IF(AND(AM5>=-5,AM5<=-3),"-5 a -3",IF(AND(AM5>=-2.5,AM5<=-0.5),"-2,5 a -0,5",IF(AM5=0,"0,00",IF(AND(AM5>=0.5,AM5<=2.5),"0,5 a 2,5",IF(AND(AM5>=3,AM5<=5),"3 a 5",IF(AND(AM5>=5.5,AM5<=7.5),"5,5 a 7,5",IF(AND(AM5>=8,AM5<=10),"8 a 10","Fuera de rango"))))))))) -> 0,5 a 2,5 | AO5: =IF(AN5="","",IF(AN5="-7,5 a -5,5",1,IF(AN5="-5 a -3",2,IF(AN5="-2,5 a -0,5",3,IF(AN5="0,00","NORMA",IF(AN5="0,5 a 2,5",4,IF(AN5="3 a 5",5,IF(AN5="5,5 a 7,5",6,IF(AN5="8 a 10",7,"Error"))))))))) -> 4 | AP5: -2 | AQ5: =IF(AP5="","",IF(AND(AP5>=-20,AP5<=-9.5),"-20 a -9,5",IF(AND(AP5>=-9,AP5<=-6.5),"-9 a -6,5",IF(AP5=-6,"-6",IF(AND(AP5>=-5.5,AP5<=-3),"-5,5 a -3",IF(AND(AP5>=-2.5,AP5<=0),"-2,5 a 0",IF(AND(AP5>=0.5,AP5<=3),"0,5 a 3",IF(AND(AP5>=3.5,AP5<=6),"3,5 a 6",IF(AND(AP5>=6.5,AP5<=9),"6,5 a 9",IF(AND(AP5>=9.5,AP5<=20),"9,5 a 20","Fuera de rango")))))))))) -> -2,5 a 0 | AR5: =IF(AQ5="","",IF(AQ5="-20 a -9,5",1,IF(AQ5="-9 a -6,5",2,IF(AQ5="-6","NORMA",IF(AQ5="-5,5 a -3",3,IF(AQ5="-2,5 a 0",4,IF(AQ5="0,5 a 3",5,IF(AQ5="3,5 a 6",6,IF(AQ5="6,5 a 9",7,IF(AQ5="9,5 a 20",8,"")))))))))) -> 4 | AS5: 3 | AT5: =IF(AS5="","",IF(AND(AS5>=-16,AS5<=-14),"-16 a -14",IF(AND(AS5>=-13.5,AS5<=-11.5),"-13,5 a -11,5",IF(AND(AS5>=-11,AS5<=-9),"-11 a -9",IF(AND(AS5>=-8.5,AS5<=-6.5),"-8,5 a -6,5",IF(AND(AS5>=-6,AS5<=-4),"-6 a -4",IF(AND(AS5>=-3.5,AS5<=-1.5),"-3,5 a -1,5",IF(AND(AS5>=-1,AS5<=1),"-1 a 1",IF(AND(AS5>=1.5,AS5<=3.5),"1,5 a 3,5",IF(AND(AS5>=4,AS5<=6),"4 a 6",IF(AND(AS5>=6.5,AS5<=8.5),"6,5 a 8,5",IF(AND(AS5>=9,AS5<=11),"9 a 11",IF(AND(AS5>=11.5,AS5<=13.5),"11,5 a 13,5",IF(AND(AS5>=14,AS5<=16),"14 a 16",IF(AND(AS5>=16.5,AS5<=18.5),"16,5 a 18,5",IF(AND(AS5>=19,AS5<=21),"19 a 21","Fuera de rango")))))))))))))))) -> 1,5 a 3,5 | AU5: {=IF(AT5="","",_xlfn.IFS(AT5="-16 a -14",1,AT5="-13,5 a -11,5",2,AT5="-11 a -9",3,AT5="-8,5 a -6,5",4,AT5="-6 a -4",5,AT5="-3,5 a -1,5",6,AT5="-1 a 1",7,AT5="1,5 a 3,5",8,AT5="4 a 6","NORMA",AT5="6,5 a 8,5",9,AT5="9 a 11",10,AT5="11,5 a 13,5",11,AT5="14 a 16",12,AT5="16,5 a 18,5",13,AT5="19 a 21",14,TRUE(),""))} -> 8 | AV5: 1.25 | AW5: =IF(AV5="","",IF(AND(AV5>=-1,AV5<=-0.5),"-1 a -0,5",IF(AND(AV5>-0.5,AV5<=0),"De -0,5 a 0",IF(AND(AV5>=0.25,AV5<=0.75),"0,25 a 0,75",IF(AND(AV5>=1,AV5<=1.5),"1 a 1,5",IF(AND(AV5>=1.75,AV5<=2.25),"1,75 a 2,25",IF(AND(AV5>=2.5,AV5<=3),"2,5 a 3",IF(AND(AV5>=3.25,AV5<=3.75),"3,25 a 3,75","Fuera de rango")))))))) -> 1 a 1,5 | AX5: =IF(AW5="","",IF(OR(AW5="-1 a -0,5",AW5="-1 a -0.5"),1,IF(OR(AW5="De -0,5 a 0",AW5="-0,5 a 0",AW5="De -0.5 a 0"),2,IF(OR(AW5="0,25 a 0,75",AW5="0.25 a 0.75"),"NORMA",IF(OR(AW5="1 a 1,5",AW5="1 a 1.5"),3,IF(OR(AW5="1,75 a 2,25",AW5="1.75 a 2.25"),4,IF(OR(AW5="2,5 a 3",AW5="2.5 a 3"),5,IF(OR(AW5="3,25 a 3,75",AW5="3.25 a 3.75"),6,"")))))))) -> 3 | AY5: -3 | AZ5: =IF(AY5="","",IF(AND(AY5>=-20,AY5<=-9.5),"-20 a -9,5",IF(AND(AY5>=-9,AY5<=-6.5),"-9 a -6,5",IF(AY5=-6,"-6",IF(AND(AY5>=-5.5,AY5<=-3),"-5,5 a -3",IF(AND(AY5>=-2.5,AY5<=0),"-2,5 a 0",IF(AND(AY5>=0.5,AY5<=3),"0,5 a 3",IF(AND(AY5>=3.5,AY5<=6),"3,5 a 6","Fuera de rango")))))))) -> -5,5 a -3 | BA5: =IF(AZ5="","",IF(AZ5="-20 a -9,5",1,IF(AZ5="-9 a -6,5",2,IF(AZ5="-6","NORMA",IF(AZ5="-5,5 a -3",3,IF(AZ5="-2,5 a 0",4,IF(AZ5="0,5 a 3",5,IF(AZ5="3,5 a 6",6,"")))))))) -> 3 | BB5: 0 | BC5: {=IF(BB5="","",_xlfn.IFS(AND(BB5>=0,BB5<=2),"0 a 2",AND(BB5>=2.5,BB5<=4.5),"2,5 a 4,5",AND(BB5>=5,BB5<=7),"5 a 7",AND(BB5>=7.5,BB5<=9.5),"7,5 a 9,5",AND(BB5>=10,BB5<=12),"10 a 12",AND(BB5>=12.5,BB5<=14.5),"12,5 a 14,5",BB5=15,"15",AND(BB5>=15.5,BB5<=17.5),"15,5 a 17,5",AND(BB5>=18,BB5<=20),"18 a 20",AND(BB5>=20.5,BB5<=22.5),"20,5 a 22,5",AND(BB5>=23,BB5<=25),"23 a 25",TRUE(),"Fuera de rango"))} -> 0 a 2 | BD5: {=IF(BC5="","",_xlfn.IFS(BC5="0 a 2",1,BC5="2,5 a 4,5",2,BC5="5 a 7",3,BC5="7,5 a 9,5",4,BC5="10 a 12",5,BC5="12,5 a 14,5",6,BC5="15","NORMA",BC5="15,5 a 17,5",7,BC5="18 a 20",8,BC5="20,5 a 22,5",9,BC5="23 a 25",10,TRUE(),"Fuera de rango"))} -> 1 | BE5: 30 | BF5: =IF(BE5="","",IF(AND(BE5>=-20,BE5<=-10),"-20 a -10",IF(AND(BE5>=-9.5,BE5<=0.5),"-9,5 a 0,5",IF(AND(BE5>=1,BE5<=11),"1 a 11",IF(AND(BE5>=11.5,BE5<=20.5),"11,5 a 20,5",IF(BE5=21,"21",IF(AND(BE5>=21.5,BE5<=31.5),"21,5 a 31,5",IF(AND(BE5>=32,BE5<=42),"32 a 42","Fuera de rango")))))))) -> 21,5 a 31,5 | BG5: =IF(BF5="","",IF(BF5="-20 a -10",1,IF(BF5="-9,5 a 0,5",2,IF(BF5="1 a 11",3,IF(BF5="11,5 a 20,5",4,IF(BF5="21","NORMA",IF(BF5="21,5 a 31,5",5,IF(BF5="32 a 42",6,"")))))))) -> 5 | BH5: 16 | BI5: =IF(BH5="","",IF(AND(BH5>=-20,BH5<=-15),"-20 a -15",IF(AND(BH5>=-14.5,BH5<=-9.5),"-14,5 a -9,5",IF(AND(BH5>=-9,BH5<=-4),"-9 a -4",IF(AND(BH5>=-3.5,BH5<=2.5),"-3,5 a 2,5",IF(AND(BH5>=3,BH5<=8),"3 a 8",IF(AND(BH5>=8.5,BH5<=14.5),"8,5 a 14,5",IF(BH5=15,"15",IF(AND(BH5>=15.5,BH5<=20.5),"15,5 a 20,5",IF(AND(BH5>=21,BH5<=26),"21 a 26","Fuera de rango")))))))))) -> 15,5 a 20,5 | BJ5: =IF(BI5="","",IF(BI5="-20 a -15",1,IF(BI5="-14,5 a -9,5",2,IF(BI5="-9 a -4",3,IF(BI5="-3,5 a 2,5",4,IF(BI5="3 a 8",5,IF(BI5="8,5 a 14,5",6,IF(BI5="15","NORMA",IF(BI5="15,5 a 20,5",7,IF(BI5="21 a 26",8,IF(BI5="26,5 a 31,5",9,""))))))))))) -> 7 | BK5: 0 | BL5: =IF(BK5="","",IF(AND(BK5>=0,BK5<=2),"0 - 2",IF(AND(BK5>=2.5,BK5<=4.5),"2,5 - 4,5",IF(AND(BK5>=5,BK5<=7),"5 - 7",IF(AND(BK5>=7.5,BK5<=9.5),"7,5 - 9,5",IF(AND(BK5>=10,BK5<=12),"10 - 12",IF(AND(BK5>=12.5,BK5<=13.5),"12,5 - 13,5",IF(BK5=14,"14",IF(AND(BK5>=14.5,BK5<=16.5),"14,5 - 16,5",IF(AND(BK5>=17,BK5<=19),"17 - 19",IF(AND(BK5>=19.5,BK5<=21.5),"19,5 - 21,5",IF(AND(BK5>=22,BK5<=24),"22 - 24",IF(AND(BK5>=24.5,BK5<=26.5),"24,5 - 26,5",IF(AND(BK5>=27,BK5<=29),"27 - 29",IF(AND(BK5>=29.5,BK5<=30),"29,5 - 30","Fuera de rango"))))))))))))))) -> 0 - 2 | BM5: =IF(BL5="","",IF(BL5="0 - 2",1,IF(BL5="2,5 - 4,5",2,IF(BL5="5 - 7",3,IF(BL5="7,5 - 9,5",4,IF(BL5="10 - 12",5,IF(BL5="12,5 - 13,5",6,IF(BL5="14","NORMA",IF(BL5="14,5 - 16,5",7,IF(BL5="17 - 19",8,IF(BL5="19,5 - 21,5",9,IF(BL5="22 - 24",10,IF(BL5="24,5 - 26,5",11,IF(BL5="27 - 29",12,IF(BL5="29,5 - 30",13,""))))))))))))))) -> 1 | BN5: 19 | BO5: =IF(BN5="","",IF(AND(BN5>=-20,BN5<=-10),"-20 a -10",IF(AND(BN5>=-9.5,BN5<=0.5),"-9,5 a 0,5",IF(AND(BN5>=1,BN5<=11),"1 a 11",IF(AND(BN5>=11.5,BN5<=21.5),"11,5 a 21,5",IF(BN5=22,"22",IF(AND(BN5>=22.5,BN5<=32.5),"22,5 a 32,5",IF(AND(BN5>=33,BN5<=43),"33 a 43","Fuera de rango")))))))) -> 11,5 a 21,5 | BP5: =IF(BO5="","",IF(BO5="-20 a -10",1,IF(BO5="-9,5 a 0,5",2,IF(BO5="1 a 11",3,IF(BO5="11,5 a 21,5",4,IF(BO5="22","NORMA",IF(BO5="22,5 a 32,5",5,IF(BO5="33 a 43",6,"")))))))) -> 4 | BQ5: 3 | BR5: =IF(BQ5="","",IF(AND(BQ5>=-20,BQ5<=-15),"-20 a -15",IF(AND(BQ5>=-14.5,BQ5<=-9.5),"-14,5 a -9,5",IF(AND(BQ5>=-9,BQ5<=-4),"-9 a -4",IF(AND(BQ5>=-3.5,BQ5<=2.5),"-3,5 a 2,5",IF(AND(BQ5>=3,BQ5<=8),"3 a 8",IF(AND(BQ5>=8.5,BQ5<=13.5),"8,5 a 13,5",IF(AND(BQ5>=14,BQ5<=17.5),"14 a 17,5",IF(BQ5=18,"18",IF(AND(BQ5>=18.5,BQ5<=23.5),"18,5 a 23,5",IF(AND(BQ5>=24,BQ5<=29),"24 a 29",IF(AND(BQ5>=29.5,BQ5<=34.5),"29,5 a 34,5",IF(AND(BQ5>=35,BQ5<=40),"35 a 40","Fuera de rango"))))))))))))) -> 3 a 8 | BS5: =IF(BR5="","",IF(BR5="-20 a -15",1,IF(BR5="-14,5 a -9,5",2,IF(BR5="-9 a -4",3,IF(BR5="-3,5 a 2,5",4,IF(BR5="3 a 8",5,IF(BR5="8,5 a 13,5",6,IF(BR5="14 a 17,5",7,IF(BR5="18","NORMA",IF(BR5="18,5 a 23,5",8,IF(BR5="24 a 29",9,IF(BR5="29,5 a 34,5",10,IF(BR5="35 a 40",11,""))))))))))))) -> 5 | BT5: 1.5 | BU5: =IF(BT5="","",IF(AND(BT5>=-20,BT5<=-18),"-20 a -18",IF(AND(BT5>=-17.5,BT5<=-15.5),"-17,5 a -15,5",IF(AND(BT5>=-15,BT5<=-13),"-15 a -13",IF(AND(BT5>=-12.5,BT5<=-10.5),"-12,5 a -10,5",IF(AND(BT5>=-10,BT5<=-8),"-10 a -8",IF(AND(BT5>=-7.5,BT5<=-5.5),"-7,5 a -5,5",IF(AND(BT5>=-5,BT5<=-3),"-5 a -3",IF(AND(BT5>=-2.5,BT5<=-0.5),"-2,5 a -0,5",IF(BT5=0,"0",IF(AND(BT5>=0.5,BT5<=2.5),"0,5 a 2,5",IF(AND(BT5>=3,BT5<=5),"3 a 5",IF(AND(BT5>=5.5,BT5<=7.5),"5,5 a 7,5",IF(AND(BT5>=8,BT5<=10),"8 a 10",IF(AND(BT5>=10.5,BT5<=12.5),"10,5 a 12,5",IF(AND(BT5>=13,BT5<=15),"13 a 15",IF(AND(BT5>=15.5,BT5<=17.5),"15,5 a 17,5",IF(AND(BT5>=18,BT5<=20),"18 a 20","Fuera de rango")))))))))))))))))) -> 0,5 a 2,5 | BV5: =IF(BT5="","",IF(BT5=0,"NORMA",IF(AND(BT5>=-20,BT5<=-18),2,IF(AND(BT5>=-17.5,BT5<=-15.5),2,IF(AND(BT5>=-15,BT5<=-13),3,IF(AND(BT5>=-12.5,BT5<=-10.5),4,IF(AND(BT5>=-10,BT5<=-8),5,IF(AND(BT5>=-7.5,BT5<=-5.5),6,IF(AND(BT5>=-5,BT5<=-3),7,IF(AND(BT5>=-2.5,BT5<=-0.5),8,IF(AND(BT5>=0.5,BT5<=2.5),9,IF(AND(BT5>=3,BT5<=5),10,IF(AND(BT5>=5.5,BT5<=7.5),11,IF(AND(BT5>=8,BT5<=10),12,IF(AND(BT5>=10.5,BT5<=12.5),13,IF(AND(BT5>=13,BT5<=15),14,IF(AND(BT5>=15.5,BT5<=17.5),15,IF(AND(BT5>=18,BT5<=20),16,"Fuera de rango")))))))))))))))))) -> 9 | BW5: -2.75 | BX5: =18.5- (0.3*H5) -> 5 | BY5: =(BW5)-(BX5) -> -7.75 | BZ5: =IF(BY5="","",IF(BY5<-27.5,"De -30 a -28",IF(BY5<-25,"De -27,5 a -25,5",IF(BY5<-22.5,"De -25 a -23",IF(BY5<-20,"De -22,5 a -20,5",IF(BY5<-17.5,"De -20 a -18",IF(BY5<-15,"De -17,5 a -15,5",IF(BY5<-12.5,"De -15 a -13",IF(BY5<-10,"De -12,5 a -10,5",IF(BY5<-7.5,"De -10 a -8",IF(BY5<-5,"De -7,5 a -5,5",IF(BY5<-2.5,"De -5 a -3",IF(BY5<0,"De -2,5 a -0,5",IF(BY5<2.5,"De 0 a 2",IF(BY5<5,"De 2,5 a 4,5",IF(BY5<7.5,"De 5 a 7",IF(BY5<10,"De 7,5 a 9,5",IF(BY5<12.5,"De 10 a 12",IF(BY5<15,"De 12,5 a 14,5",IF(BY5<17.5,"De 15 a 17",IF(BY5<20,"De 17,5 a 19,5",IF(BY5<22.5,"De 20 a 22",IF(BY5<25,"De 22,5 a 24,5",IF(BY5<27.5,"De 25 a 27","De 27,5 a 30")))))))))))))))))))))))) -> De -10 a -8 | CA5: =IF(BY5="","",IF(BY5<=-28,1,IF(BY5<=-25.5,2,IF(BY5<=-23,3,IF(BY5<=-20.5,4,IF(BY5<=-18,5,IF(BY5<=-15.5,6,IF(BY5<=-13,7,IF(BY5<=-10.5,8,IF(BY5<=-8,9,IF(BY5<=-5.5,10,IF(BY5<=-3,11,IF(BY5<=-0.5,12,IF(BY5<=2,13,IF(BY5<=4.5,14,IF(BY5<=7,15,IF(BY5<=9.5,16,IF(BY5<=12,17,IF(BY5<=14.5,18,IF(BY5<=17,19,IF(BY5<=19.5,20,IF(BY5<=22,21,IF(BY5<=24.5,22,IF(BY5<=27,23,IF(BY5<=30,24,"Fuera de rango"))))))))))))))))))))))))) -> 10 | CB5: -2.75 | CC5: =18.5- (0.3*H5) -> 5 | CD5: =(CB5)-(CC5) -> -7.75 | CE5: =IF(CD5="","",IF(CD5<-27.5,"De -30 a -28",IF(CD5<-25,"De -27,5 a -25,5",IF(CD5<-22.5,"De -25 a -23",IF(CD5<-20,"De -22,5 a -20,5",IF(CD5<-17.5,"De -20 a -18",IF(CD5<-15,"De -17,5 a -15,5",IF(CD5<-12.5,"De -15 a -13",IF(CD5<-10,"De -12,5 a -10,5",IF(CD5<-7.5,"De -10 a -8",IF(CD5<-5,"De -7,5 a -5,5",IF(CD5<-2.5,"De -5 a -3",IF(CD5<0,"De -2,5 a -0,5",IF(CD5<=2,"De 0 a 2",IF(CD5<=4.5,"De 2,5 a 4,5",IF(CD5<=7,"De 5 a 7",IF(CD5<=9.5,"De 7,5 a 9,5",IF(CD5<=12,"De 10 a 12",IF(CD5<=14.5,"De 12,5 a 14,5",IF(CD5<=17,"De 15 a 17",IF(CD5<=19.5,"De 17,5 a 19,5",IF(CD5<=22,"De 20 a 22",IF(CD5<=24.5,"De 22,5 a 24,5",IF(CD5<=27,"De 25 a 27","De 27,5 a 30")))))))))))))))))))))))) -> De -10 a -8 | CF5: =IF(CD5="","",IF(CD5<-27.5,1,IF(CD5<-25,2,IF(CD5<-22.5,3,IF(CD5<-20,4,IF(CD5<-17.5,5,IF(CD5<-15,6,IF(CD5<-12.5,7,IF(CD5<-10,8,IF(CD5<-7.5,9,IF(CD5<-5,10,IF(CD5<-2.5,11,IF(CD5<0,12,IF(CD5<2.5,13,IF(CD5<5,14,IF(CD5<7.5,15,IF(CD5<10,16,IF(CD5<12.5,17,IF(CD5<15,18,IF(CD5<17.5,19,IF(CD5<20,20,IF(CD5<22.5,21,IF(CD5<25,22,IF(CD5<27.5,23,24)))))))))))))))))))))))) -> 9 | CG5: -1 | CH5: =IF(CG5="","",IF(AND(CG5>=-10,CG5<=-9.5),"-10 a -9,5",IF(AND(CG5>-9.5,CG5<=-8.5),"-9 a -8,5",IF(AND(CG5>-8.5,CG5<=-7.5),"-8 a -7,5",IF(AND(CG5>-7.5,CG5<=-6.5),"-7 a -6,5",IF(AND(CG5>-6.5,CG5<=-5.5),"-6 a -5,5",IF(AND(CG5>-5.5,CG5<=-4.5),"-5 a -4,5",IF(AND(CG5>-4.5,CG5<=-3.5),"-4 a -3,5",IF(AND(CG5>-3.5,CG5<=-2.5),"-3 a -2,5",IF(CG5=-2.25,"-2,25",IF(AND(CG5>-2.5,CG5<=-1.5),"-2 a -1,5",IF(AND(CG5>-1.5,CG5<=-0.5),"-1 a -0,5",IF(AND(CG5>-0.5,CG5<=0.5),"0 a 0,5",IF(AND(CG5>0.5,CG5<=1.5),"1 a 1,5",IF(AND(CG5>1.5,CG5<=2.5),"2 a 2,5",IF(AND(CG5>2.5,CG5<=3.5),"3 a 3,5",IF(AND(CG5>3.5,CG5<=4.5),"4 a 4,5",IF(AND(CG5>4.5,CG5<=5.5),"5 a 5,5",IF(AND(CG5>5.5,CG5<=6.5),"6 a 6,5",IF(AND(CG5>6.5,CG5<=7.5),"7 a 7,5",IF(AND(CG5>7.5,CG5<=8.5),"8 a 8,5",IF(AND(CG5>8.5,CG5<=9.5),"9 a 9,5",IF(CG5>=10,"10","Fuera de rango"))))))))))))))))))))))) -> -1 a -0,5 | CI5: =IF(CG5="","",IF(CG5=-2.25,"NORMA",IF(CG5<=-9.5,1,IF(CG5<=-8.5,2,IF(CG5<=-7.5,3,IF(CG5<=-6.5,4,IF(CG5<=-5.5,5,IF(CG5<=-4.5,6,IF(CG5<=-3.5,7,IF(CG5<=-2.5,8,IF(CG5<=-1.5,9,IF(CG5<=-0.5,10,IF(CG5<=0.5,11,IF(CG5<=1.5,12,IF(CG5<=2.5,13,IF(CG5<=3.5,14,IF(CG5<=4.5,15,IF(CG5<=5.5,16,IF(CG5<=6.5,17,IF(CG5<=7.5,18,IF(CG5<=8.5,19,IF(CG5<=9.5,20,IF(CG5=10,21,"Fuera de rango"))))))))))))))))))))))) -> 10 | CJ5: 2 | CK5: =IF(CJ5="","",IF(AND(CJ5>=-6,CJ5<=-5.5),"-6 a -5,5",IF(AND(CJ5>-5.5,CJ5<=-4.5),"-5 a -4,5",IF(AND(CJ5>-4.5,CJ5<=-3.5),"-4 a -3,5",IF(AND(CJ5>-3.5,CJ5<=-2.5),"-3 a -2,5",IF(AND(CJ5>-2.5,CJ5<=-1.5),"-2 a -1,5",IF(AND(CJ5>-1.5,CJ5<=-0.5),"-1 a -0,5",IF(AND(CJ5>-0.5,CJ5<=0.5),"0 a 0,5",IF(AND(CJ5>0.5,CJ5<=1.5),"1 a 1,5",IF(AND(CJ5>1.5,CJ5<2.5),"2",IF(AND(CJ5>=2.5,CJ5<=3),"2,5 a 3",IF(AND(CJ5>3,CJ5<=4),"3,5 a 4",IF(AND(CJ5>4,CJ5<=5),"4,5 a 5",IF(AND(CJ5>5,CJ5<=6),"5,5 a 6",IF(AND(CJ5>6,CJ5<=7),"6,5 a 7",IF(AND(CJ5>7,CJ5<=8),"7,5 a 8",IF(AND(CJ5>8,CJ5<=9.5),"8,5 a 9,5",IF(CJ5=10,"10","Fuera de rango")))))))))))))))))) -> 2 | CL5: =IF(CK5="","",IF(OR(CK5="-6 a -5,5",CK5="-6 - -5,5"),1,IF(OR(CK5="-5 a -4,5",CK5="-5 - -4,5"),2,IF(OR(CK5="-4 a -3,5",CK5="-4 - -3,5"),3,IF(OR(CK5="-3 a -2,5",CK5="-3 - -2,5"),4,IF(OR(CK5="-2 a -1,5",CK5="-2 - -1,5"),5,IF(OR(CK5="-1 a -0,5",CK5="-1 - -0,5"),6,IF(OR(CK5="0 a 0,5",CK5="0 - 0,5"),7,IF(OR(CK5="1 a 1,5",CK5="1 - 1,5"),8,IF(CK5="2","NORMA",IF(OR(CK5="2,5 a 3",CK5="2,5 - 3"),9,IF(OR(CK5="3,5 a 4",CK5="3,5 - 4"),10,IF(OR(CK5="4,5 a 5",CK5="4,5 - 5"),11,IF(OR(CK5="5,5 a 6",CK5="5,5 - 6"),12,IF(OR(CK5="6,5 a 7",CK5="6,5 - 7"),13,IF(OR(CK5="7,5 a 8",CK5="7,5 - 8"),14,IF(OR(CK5="8,5 a 9",CK5="8,5 - 9,5",CK5="9 a 9,5"),15,IF(CK5="10",15,IF(OR(CK5="0,5 a 1",CK5="0,5 - 1"),7,"Fuera de rango"))))))))))))))))))) -> NORMA | CM5: 0 | CN5: =IF(CM5=0,"0", " ") -> 0 | CO5: =IF(CM5>0,"EME"," ") | CP5: 0 | CQ5: =IF(CP5>0,"0", " ") | CR5: =IF(CP5>0,"EME"," ") | CS5: 0 | CT5: =IF(CS5>0,"1", " ") | CU5: =IF(CS5>0,"HIP"," ") | CV5: 0 | CW5: =IF(CV5>0,"1", " ") | CX5: =IF(CV5>0,"HIP"," ") | CY5: -1 | CZ5: =IF(CY5<0,"2"," ") -> 2 | DA5: =IF(CY5<0,"MIO"," ") -> MIO | DB5: -0.5 | DC5: =IF(DB5<0,"2"," ") -> 2 | DD5: =IF(DB5<0,"MIO"," ") -> MIO | DE5: -2.25 | DF5: =IF(DE5<0,"3"," ") -> 3 | DG5: =IF(DE5<0,"AST"," ") -> AST | DH5: -0.75 | DI5: =IF(DH5<0,"3"," ") -> 3 | DJ5: =IF(DH5<0,"AST"," ") -> AST | DK5: 0.5 | DL5: =IF(DK5>0,"4"," ") -> 4 | DM5: =IF(DK5>0,"PRE"," ") -> PRE | DN5: 0.5 | DO5: =IF(DN5>0,"4"," ") -> 4 | DP5: =IF(DN5>0,"PRE"," ") -> PRE | DQ5: 3 | DR5: 3 | DS5: =CONCATENATE(CO5,CU5,DA5,DG5,DM5) -> MIOASTPRE | DT5: {=_xlfn.IFS(DS5="EME ","0", DS5=" HIP ","1", DS5=" MIO ","2", DS5=" AST ","3", DS5=" PRE","4", DS5="EME PRE","5", DS5=" HIP PRE","6", DS5=" HIP AST ","7", DS5=" MIO PRE","8", DS5=" MIOAST ","9", DS5=" ASTPRE","10",DS5=" HIP ASTPRE","11", DS5=" MIOASTPRE","12", DS5=" ","0")} -> 12 | DU5: SI | DV5: {=_xlfn.IFS(DU5="SI","2", DU5="NO","1")} -> 2 | DW5: 0.5 | DX5: =IF(DW5=0,"1","2") -> 2 | DY5: {=_xlfn.IFS(DW5=0,"0", DW5=0.25, "1", DW5=0.5,"2", DW5=0.75,"3", DW5=1,"4",DW5=1.25,"5", DW5=1.5,"6", DW5=1.75,"7", DW5=2,"8", DW5=2.25,"9",DW5=2.5,"10", DW5=2.75,"11", DW5=3,"12", DW5=3.25,"13", DW5=3.5,"14", DW5=3.75,"15",DW5=4,"16")} -> 2 | DZ5: 0.5 | EA5: =IF(DZ5=0,"1","2") -> 2 | EB5: {=_xlfn.IFS(DZ5=0,"0", DZ5=0.25, "1", DZ5=0.5,"2", DZ5=0.75,"3", DZ5=1,"4",DZ5=1.25,"5", DZ5=1.5,"6", DZ5=1.75,"7", DZ5=2,"8")} -> 2 | EC5: 0 | ED5: =IF(EC5=0,"1","2") -> 1 | EE5: {=_xlfn.IFS(EC5=0,"0", EC5=-0.25, "1", EC5=-0.5,"2", EC5=-0.75,"3", EC5=-1,"4",EC5=-1.25,"5", EC5=-1.5,"6", EC5=-1.75,"7", EC5=-2,"8", EC5=-2.25,"9",EC5=-2.5,"10", EC5=-2.75,"11", EC5=-3,"12", EC5=-3.25,"13", EC5=-3.5,"14", EC5=-3.75,"15",EC5=-4,"16")} -> 0 | EF5: 0 | EG5: =IF(EF5=0,"1","2") -> 1 | EH5: {=_xlfn.IFS(EF5=0,"0", EF5=-0.25, "1", EF5=-0.5,"2", EF5=-0.75,"3", EF5=-1,"4",EF5=-1.25,"5", EF5=-1.5,"6", EF5=-1.75,"7", EF5=-2,"8", EF5=-2.25,"9",EF5=-2.5,"10", EF5=-2.75,"11", EF5=-3,"12", EF5=-3.25,"13", EF5=-3.5,"14", EF5=-3.75,"15",EF5=-4,"16")} -> 0 | EI5: 0 | EJ5: =IF(EI5=0,"1","2") -> 1 | EK5: {=_xlfn.IFS(EI5=0,"0", EI5=-0.25, "1", EI5=-0.5,"2", EI5=-0.75,"3", EI5=-1,"4",EI5=-1.25,"5", EI5=-1.5,"6", EI5=-1.75,"7", EI5=-2,"8", EI5=-2.25,"9", EI5=-2.25,"9",EI5=-2.5,"10", EI5=-2.75,"11", EI5=-3,"12", EI5=-3.25,"13", EI5=-3.5,"14", EI5=-3.75,"15",EI5=-4,"16", EI5=0.25, "17", EI5=0.5, "18")} -> 0 | EL5: 0 | EM5: =IF(EL5=0,"1","2") -> 1 | EN5: {=_xlfn.IFS(EL5=0.25,"17",EL5=0.5,"18", EL5=0,"0", EL5=-0.25, "1", EL5=-0.5,"2", EL5=-0.75,"3", EL5=-1,"4",EL5=-1.25,"5", EL5=-1.5,"6", EL5=-1.75,"7", EL5=-2,"8",EL5= -2.25,"9",EL5=-2.5,"10",EL5= -2.75,"11",EL5= -3,"12",EL5= -3.25,"13",EL5= -3.5,"14",EL5= -3.75,"15",EL5=-4,"16")} -> 0 | EO5: 0.5 | EP5: =IF(EO5=0,"1","2") -> 2 | EQ5: {=_xlfn.IFS(EO5=0,"0", EO5=0.25, "1", EO5=0.5,"2", EO5=0.75,"3", EO5=1,"4",EO5=1.25,"5", EO5=1.5,"6", EO5=1.75,"7", EO5=2,"8", EO5=2.25,"9", EO5=2.25,"9",EO5=2.5,"10", EO5=2.75,"11", EO5=3,"12", EO5=3.25,"13", EO5=3.5,"14", EO5=3.75,"15",EO5=4,"16", EO5=-0.25, "17", bq=-0.5, "18")} -> 2 | ER5: 0.5 | ES5: =IF(ER5=0,"1","2") -> 2 | ET5: {=_xlfn.IFS(ER5=0,"0", ER5=0.25, "1", ER5=0.5,"2", ER5=0.75,"3", ER5=1,"4",ER5=1.25,"5", ER5=1.5,"6", ER5=1.75,"7", ER5=2,"8", ER5=2.25,"9", ER5=2.25,"9",ER5=2.5,"10", ER5=2.75,"11", ER5=3,"12", ER5=3.25,"13", ER5=3.5,"14", ER5=3.75,"15",ER5=4,"16", ER5=-0.25, "17", bq=-0.5, "18")} -> 2 | EU5: 24 | EV5: =VLOOKUP(EU5,LEYENDA!$G$2:$H$8,2,TRUE()) -> 19-24 | EW5: {=_xlfn.IFS(EV5="0-5","1", EV5="6-12","2", EV5="13-18","3", EV5="19-24","4", EV5="25-36","5", EV5="37-48","6", EV5="49-60","7")} -> 4
A6: 2 | B6: 3 | C6: 39171 | E6: =VLOOKUP(A6,'286'!$A$3:$J$600,10,FALSE()) -> ACEÑA ABEJÓN, JULIÁN | F6: =VLOOKUP(A6,'286'!$A$3:$I$1768,3,FALSE()) -> AAJU | G6: =VLOOKUP(A6,'286'!$A$3:$I$1768,4,FALSE()) -> 20353 | H6: =YEAR(C6)-YEAR(G6) -> 52 | I6: =VLOOKUP(H6,LEYENDA!$C$2:$D$6,2,TRUE()) -> 41-60 | J6: =VLOOKUP(A6,'286'!$A$3:$I$1768,7,FALSE()) -> H | K6: =VLOOKUP(A6,'286'!$A$3:$I$1768,2,FALSE()) -> OD | L6: =VLOOKUP(A6,'286'!$A$3:$I$1768,8,FALSE()) -> D | M6: =VLOOKUP(A6,'286'!$A$3:$I$1768,9,FALSE()) -> D | N6: =IF(R6=O6, "MISMA","CONTRARIA") -> MISMA | O6: {=_xlfn.IFS(L6="D","1", L6="I","2")} -> 1 | P6: {=_xlfn.IFS(K6="OD","1", K6="OI","2")} -> 1 | Q6: {=_xlfn.IFS(J6="M","1", J6="H","2")} -> 2 | R6: {=_xlfn.IFS(M6="D","1", M6="I","2")} -> 1 | S6: {=_xlfn.IFS(N6="CONTRARIA", "1",N6= "MISMA","2")} -> 2 | T6: {=_xlfn.IFS(I6="0-12","1", I6="13-24","2", I6="25-40","3", I6="41-60","4", I6="61-100","5")} -> 4 | U6: 2 | V6: =IF(U6="","",IF(AND(U6>=-9,U6<=-6.5),"-9 a -6,5",IF(AND(U6>=-6,U6<=-3.5),"-6 a -3,5",IF(AND(U6>=-3,U6<=-1),"-3 a -1",IF(U6=-0.5,"-0,5",IF(AND(U6>=0,U6<=2.5),"0 a 2,5",IF(AND(U6>=3,U6<=5.5),"3 a 5,5",IF(AND(U6>=6,U6<=8.5),"6 a 8,5",IF(AND(U6>=9,U6<=20),"9 a 20","Fuera de rango"))))))))) -> 0 a 2,5 | W6: =IF(V6="","",IF(V6="-9 a -6,5",2,IF(V6="-6 a -3,5",3,IF(V6="-3 a -1",4,IF(V6="-0,5","NORMA",IF(V6="0 a 2,5",5,IF(V6="3 a 5,5",6,IF(V6="6 a 8,5",7,IF(V6="9 a 20",8,"Fuera de rango"))))))))) -> 5 | X6: 0 | Y6: =IF(X6="","",IF(AND(X6>=0,X6<=4),"0 a 4",IF(AND(X6>=4.5,X6<=8.5),"4,5 a 8,5",IF(X6=9,"9",IF(AND(X6>=9.5,X6<=13),"9,5 a 13",IF(AND(X6>=13.5,X6<=20),"13,5 a 20",IF(AND(X6>=20.5,X6<=35),"20,5 a 35","Fuera de rango"))))))) -> 0 a 4 | Z6: =IF(Y6="","",IF(Y6="0 a 4",1,IF(Y6="4,5 a 8,5",2,IF(Y6="9","NORMA",IF(Y6="9,5 a 13",3,IF(Y6="13,5 a 20",4,IF(Y6="20,5 a 35",5,"Fuera de rango"))))))) -> 1 | AA6: 30 | AB6: =IF(AA6="","",IF(AND(AA6>=0,AA6<=9),"0 a 9",IF(AND(AA6>=9.5,AA6<=18.5),"9,5 a 18,5",IF(AA6=19,"19",IF(AND(AA6>=19.5,AA6<=28),"19,5 a 28",IF(AND(AA6>=28.5,AA6<=40),"28,5 a 40","Fuera de rango")))))) -> 28,5 a 40 | AC6: {=_xlfn.IFS(AB6="","",AB6="0 a 9",1,AB6="9,5 a 18,5",2,AB6="19","NORMA",AB6="19,5 a 28",3,AB6="28,5 a 40",4,TRUE(),"Fuera de rango")} -> 4 | AD6: 6 | AE6: =IF(AD6="","",IF(AND(AD6>=-10,AD6<=0),"De -10 a 0",IF(AND(AD6>=0.5,AD6<=9.5),"0,5 a 9,5",IF(AD6=10,"10",IF(AND(AD6>=10.5,AD6<=20),"10,5 a 20",IF(AND(AD6>=20.5,AD6<=40),"20,5 a 40","Fuera de rango")))))) -> 0,5 a 9,5 | AF6: =IF(AD6="","",IF(AND(AD6>=-10,AD6<=0),1,IF(AND(AD6>=0.5,AD6<=9.5),2,IF(AD6=10,"NORMA",IF(AND(AD6>=10.5,AD6<=20),3,IF(AND(AD6>=20.5,AD6<=40),4,"")))))) -> 2 | AH6: =IF(AG6="","",IF(AND(AG6>=0,AG6<=4),"0 a 4",IF(AND(AG6>=4.5,AG6<=8.5),"4,5 a 8,5",IF(AG6=9,"9",IF(AND(AG6>=9.5,AG6<=13),"9,5 a 13",IF(AND(AG6>=13.5,AG6<=25),"13,5 a 25","Fuera de rango")))))) | AI6: =IF(AH6="","",IF(AH6="0 a 4",1,IF(AH6="4,5 a 8,5",2,IF(AH6="9","NORMA",IF(AH6="9,5 a 13",3,IF(AH6="13,5 a 25",4,"")))))) | AJ6: 2 | AK6: =IF(AJ6="","",IF(AND(AJ6>=-15,AJ6<=-10.5),"-15 a -10,5",IF(AND(AJ6>=-10,AJ6<=-4),"-10 a -4",IF(AND(AJ6>=-4.5,AJ6<=0),"-4,5 a 0",IF(AND(AJ6>=0.5,AJ6<=4.5),"0,5 a 4,5",IF(AJ6=5,"5",IF(AND(AJ6>=5.5,AJ6<=10),"5,5 a 10",IF(AND(AJ6>=10.5,AJ6<=20),"10,5 a 20","Fuera de rango")))))))) -> 0,5 a 4,5 | AL6: =IF(AK6="","",IF(AK6="-15 a -10,5",1,IF(AK6="-10 a -4",2,IF(AK6="-4,5 a 0",3,IF(AK6="0,5 a 4,5",4,IF(AK6="5","NORMA",IF(AK6="5,5 a 10",5,IF(AK6="10,5 a 20",6,"Error")))))))) -> 4 | AM6: 2 | AN6: =IF(AM6="","",IF(AND(AM6>=-7.5,AM6<=-5.5),"-7,5 a -5,5",IF(AND(AM6>=-5,AM6<=-3),"-5 a -3",IF(AND(AM6>=-2.5,AM6<=-0.5),"-2,5 a -0,5",IF(AM6=0,"0,00",IF(AND(AM6>=0.5,AM6<=2.5),"0,5 a 2,5",IF(AND(AM6>=3,AM6<=5),"3 a 5",IF(AND(AM6>=5.5,AM6<=7.5),"5,5 a 7,5",IF(AND(AM6>=8,AM6<=10),"8 a 10","Fuera de rango"))))))))) -> 0,5 a 2,5 | AO6: =IF(AN6="","",IF(AN6="-7,5 a -5,5",1,IF(AN6="-5 a -3",2,IF(AN6="-2,5 a -0,5",3,IF(AN6="0,00","NORMA",IF(AN6="0,5 a 2,5",4,IF(AN6="3 a 5",5,IF(AN6="5,5 a 7,5",6,IF(AN6="8 a 10",7,"Error"))))))))) -> 4 | AP6: -6 | AQ6: =IF(AP6="","",IF(AND(AP6>=-20,AP6<=-9.5),"-20 a -9,5",IF(AND(AP6>=-9,AP6<=-6.5),"-9 a -6,5",IF(AP6=-6,"-6",IF(AND(AP6>=-5.5,AP6<=-3),"-5,5 a -3",IF(AND(AP6>=-2.5,AP6<=0),"-2,5 a 0",IF(AND(AP6>=0.5,AP6<=3),"0,5 a 3",IF(AND(AP6>=3.5,AP6<=6),"3,5 a 6",IF(AND(AP6>=6.5,AP6<=9),"6,5 a 9",IF(AND(AP6>=9.5,AP6<=20),"9,5 a 20","Fuera de rango")))))))))) -> -6 | AR6: =IF(AQ6="","",IF(AQ6="-20 a -9,5",1,IF(AQ6="-9 a -6,5",2,IF(AQ6="-6","NORMA",IF(AQ6="-5,5 a -3",3,IF(AQ6="-2,5 a 0",4,IF(AQ6="0,5 a 3",5,IF(AQ6="3,5 a 6",6,IF(AQ6="6,5 a 9",7,IF(AQ6="9,5 a 20",8,"")))))))))) -> NORMA | AS6: 3 | AT6: =IF(AS6="","",IF(AND(AS6>=-16,AS6<=-14),"-16 a -14",IF(AND(AS6>=-13.5,AS6<=-11.5),"-13,5 a -11,5",IF(AND(AS6>=-11,AS6<=-9),"-11 a -9",IF(AND(AS6>=-8.5,AS6<=-6.5),"-8,5 a -6,5",IF(AND(AS6>=-6,AS6<=-4),"-6 a -4",IF(AND(AS6>=-3.5,AS6<=-1.5),"-3,5 a -1,5",IF(AND(AS6>=-1,AS6<=1),"-1 a 1",IF(AND(AS6>=1.5,AS6<=3.5),"1,5 a 3,5",IF(AND(AS6>=4,AS6<=6),"4 a 6",IF(AND(AS6>=6.5,AS6<=8.5),"6,5 a 8,5",IF(AND(AS6>=9,AS6<=11),"9 a 11",IF(AND(AS6>=11.5,AS6<=13.5),"11,5 a 13,5",IF(AND(AS6>=14,AS6<=16),"14 a 16",IF(AND(AS6>=16.5,AS6<=18.5),"16,5 a 18,5",IF(AND(AS6>=19,AS6<=21),"19 a 21","Fuera de rango")))))))))))))))) -> 1,5 a 3,5 | AU6: {=IF(AT6="","",_xlfn.IFS(AT6="-16 a -14",1,AT6="-13,5 a -11,5",2,AT6="-11 a -9",3,AT6="-8,5 a -6,5",4,AT6="-6 a -4",5,AT6="-3,5 a -1,5",6,AT6="-1 a 1",7,AT6="1,5 a 3,5",8,AT6="4 a 6","NORMA",AT6="6,5 a 8,5",9,AT6="9 a 11",10,AT6="11,5 a 13,5",11,AT6="14 a 16",12,AT6="16,5 a 18,5",13,AT6="19 a 21",14,TRUE(),""))} -> 8 | AV6: 2.25 | AW6: =IF(AV6="","",IF(AND(AV6>=-1,AV6<=-0.5),"-1 a -0,5",IF(AND(AV6>-0.5,AV6<=0),"De -0,5 a 0",IF(AND(AV6>=0.25,AV6<=0.75),"0,25 a 0,75",IF(AND(AV6>=1,AV6<=1.5),"1 a 1,5",IF(AND(AV6>=1.75,AV6<=2.25),"1,75 a 2,25",IF(AND(AV6>=2.5,AV6<=3),"2,5 a 3",IF(AND(AV6>=3.25,AV6<=3.75),"3,25 a 3,75","Fuera de rango")))))))) -> 1,75 a 2,25 | AX6: =IF(AW6="","",IF(OR(AW6="-1 a -0,5",AW6="-1 a -0.5"),1,IF(OR(AW6="De -0,5 a 0",AW6="-0,5 a 0",AW6="De -0.5 a 0"),2,IF(OR(AW6="0,25 a 0,75",AW6="0.25 a 0.75"),"NORMA",IF(OR(AW6="1 a 1,5",AW6="1 a 1.5"),3,IF(OR(AW6="1,75 a 2,25",AW6="1.75 a 2.25"),4,IF(OR(AW6="2,5 a 3",AW6="2.5 a 3"),5,IF(OR(AW6="3,25 a 3,75",AW6="3.25 a 3.75"),6,"")))))))) -> 4 | AY6: -6 | AZ6: =IF(AY6="","",IF(AND(AY6>=-20,AY6<=-9.5),"-20 a -9,5",IF(AND(AY6>=-9,AY6<=-6.5),"-9 a -6,5",IF(AY6=-6,"-6",IF(AND(AY6>=-5.5,AY6<=-3),"-5,5 a -3",IF(AND(AY6>=-2.5,AY6<=0),"-2,5 a 0",IF(AND(AY6>=0.5,AY6<=3),"0,5 a 3",IF(AND(AY6>=3.5,AY6<=6),"3,5 a 6","Fuera de rango")))))))) -> -6 | BA6: =IF(AZ6="","",IF(AZ6="-20 a -9,5",1,IF(AZ6="-9 a -6,5",2,IF(AZ6="-6","NORMA",IF(AZ6="-5,5 a -3",3,IF(AZ6="-2,5 a 0",4,IF(AZ6="0,5 a 3",5,IF(AZ6="3,5 a 6",6,"")))))))) -> NORMA | BB6: 0 | BC6: {=IF(BB6="","",_xlfn.IFS(AND(BB6>=0,BB6<=2),"0 a 2",AND(BB6>=2.5,BB6<=4.5),"2,5 a 4,5",AND(BB6>=5,BB6<=7),"5 a 7",AND(BB6>=7.5,BB6<=9.5),"7,5 a 9,5",AND(BB6>=10,BB6<=12),"10 a 12",AND(BB6>=12.5,BB6<=14.5),"12,5 a 14,5",BB6=15,"15",AND(BB6>=15.5,BB6<=17.5),"15,5 a 17,5",AND(BB6>=18,BB6<=20),"18 a 20",AND(BB6>=20.5,BB6<=22.5),"20,5 a 22,5",AND(BB6>=23,BB6<=25),"23 a 25",TRUE(),"Fuera de rango"))} -> 0 a 2 | BD6: {=IF(BC6="","",_xlfn.IFS(BC6="0 a 2",1,BC6="2,5 a 4,5",2,BC6="5 a 7",3,BC6="7,5 a 9,5",4,BC6="10 a 12",5,BC6="12,5 a 14,5",6,BC6="15","NORMA",BC6="15,5 a 17,5",7,BC6="18 a 20",8,BC6="20,5 a 22,5",9,BC6="23 a 25",10,TRUE(),"Fuera de rango"))} -> 1 | BE6: 30 | BF6: =IF(BE6="","",IF(AND(BE6>=-20,BE6<=-10),"-20 a -10",IF(AND(BE6>=-9.5,BE6<=0.5),"-9,5 a 0,5",IF(AND(BE6>=1,BE6<=11),"1 a 11",IF(AND(BE6>=11.5,BE6<=20.5),"11,5 a 20,5",IF(BE6=21,"21",IF(AND(BE6>=21.5,BE6<=31.5),"21,5 a 31,5",IF(AND(BE6>=32,BE6<=42),"32 a 42","Fuera de rango")))))))) -> 21,5 a 31,5 | BG6: =IF(BF6="","",IF(BF6="-20 a -10",1,IF(BF6="-9,5 a 0,5",2,IF(BF6="1 a 11",3,IF(BF6="11,5 a 20,5",4,IF(BF6="21","NORMA",IF(BF6="21,5 a 31,5",5,IF(BF6="32 a 42",6,"")))))))) -> 5 | BH6: 10 | BI6: =IF(BH6="","",IF(AND(BH6>=-20,BH6<=-15),"-20 a -15",IF(AND(BH6>=-14.5,BH6<=-9.5),"-14,5 a -9,5",IF(AND(BH6>=-9,BH6<=-4),"-9 a -4",IF(AND(BH6>=-3.5,BH6<=2.5),"-3,5 a 2,5",IF(AND(BH6>=3,BH6<=8),"3 a 8",IF(AND(BH6>=8.5,BH6<=14.5),"8,5 a 14,5",IF(BH6=15,"15",IF(AND(BH6>=15.5,BH6<=20.5),"15,5 a 20,5",IF(AND(BH6>=21,BH6<=26),"21 a 26","Fuera de rango")))))))))) -> 8,5 a 14,5 | BJ6: =IF(BI6="","",IF(BI6="-20 a -15",1,IF(BI6="-14,5 a -9,5",2,IF(BI6="-9 a -4",3,IF(BI6="-3,5 a 2,5",4,IF(BI6="3 a 8",5,IF(BI6="8,5 a 14,5",6,IF(BI6="15","NORMA",IF(BI6="15,5 a 20,5",7,IF(BI6="21 a 26",8,IF(BI6="26,5 a 31,5",9,""))))))))))) -> 6 | BK6: 0 | BL6: =IF(BK6="","",IF(AND(BK6>=0,BK6<=2),"0 - 2",IF(AND(BK6>=2.5,BK6<=4.5),"2,5 - 4,5",IF(AND(BK6>=5,BK6<=7),"5 - 7",IF(AND(BK6>=7.5,BK6<=9.5),"7,5 - 9,5",IF(AND(BK6>=10,BK6<=12),"10 - 12",IF(AND(BK6>=12.5,BK6<=13.5),"12,5 - 13,5",IF(BK6=14,"14",IF(AND(BK6>=14.5,BK6<=16.5),"14,5 - 16,5",IF(AND(BK6>=17,BK6<=19),"17 - 19",IF(AND(BK6>=19.5,BK6<=21.5),"19,5 - 21,5",IF(AND(BK6>=22,BK6<=24),"22 - 24",IF(AND(BK6>=24.5,BK6<=26.5),"24,5 - 26,5",IF(AND(BK6>=27,BK6<=29),"27 - 29",IF(AND(BK6>=29.5,BK6<=30),"29,5 - 30","Fuera de rango"))))))))))))))) -> 0 - 2 | BM6: =IF(BL6="","",IF(BL6="0 - 2",1,IF(BL6="2,5 - 4,5",2,IF(BL6="5 - 7",3,IF(BL6="7,5 - 9,5",4,IF(BL6="10 - 12",5,IF(BL6="12,5 - 13,5",6,IF(BL6="14","NORMA",IF(BL6="14,5 - 16,5",7,IF(BL6="17 - 19",8,IF(BL6="19,5 - 21,5",9,IF(BL6="22 - 24",10,IF(BL6="24,5 - 26,5",11,IF(BL6="27 - 29",12,IF(BL6="29,5 - 30",13,""))))))))))))))) -> 1 | BN6: 22 | BO6: =IF(BN6="","",IF(AND(BN6>=-20,BN6<=-10),"-20 a -10",IF(AND(BN6>=-9.5,BN6<=0.5),"-9,5 a 0,5",IF(AND(BN6>=1,BN6<=11),"1 a 11",IF(AND(BN6>=11.5,BN6<=21.5),"11,5 a 21,5",IF(BN6=22,"22",IF(AND(BN6>=22.5,BN6<=32.5),"22,5 a 32,5",IF(AND(BN6>=33,BN6<=43),"33 a 43","Fuera de rango")))))))) -> 22 | BP6: =IF(BO6="","",IF(BO6="-20 a -10",1,IF(BO6="-9,5 a 0,5",2,IF(BO6="1 a 11",3,IF(BO6="11,5 a 21,5",4,IF(BO6="22","NORMA",IF(BO6="22,5 a 32,5",5,IF(BO6="33 a 43",6,"")))))))) -> NORMA | BQ6: 12 | BR6: =IF(BQ6="","",IF(AND(BQ6>=-20,BQ6<=-15),"-20 a -15",IF(AND(BQ6>=-14.5,BQ6<=-9.5),"-14,5 a -9,5",IF(AND(BQ6>=-9,BQ6<=-4),"-9 a -4",IF(AND(BQ6>=-3.5,BQ6<=2.5),"-3,5 a 2,5",IF(AND(BQ6>=3,BQ6<=8),"3 a 8",IF(AND(BQ6>=8.5,BQ6<=13.5),"8,5 a 13,5",IF(AND(BQ6>=14,BQ6<=17.5),"14 a 17,5",IF(BQ6=18,"18",IF(AND(BQ6>=18.5,BQ6<=23.5),"18,5 a 23,5",IF(AND(BQ6>=24,BQ6<=29),"24 a 29",IF(AND(BQ6>=29.5,BQ6<=34.5),"29,5 a 34,5",IF(AND(BQ6>=35,BQ6<=40),"35 a 40","Fuera de rango"))))))))))))) -> 8,5 a 13,5 | BS6: =IF(BR6="","",IF(BR6="-20 a -15",1,IF(BR6="-14,5 a -9,5",2,IF(BR6="-9 a -4",3,IF(BR6="-3,5 a 2,5",4,IF(BR6="3 a 8",5,IF(BR6="8,5 a 13,5",6,IF(BR6="14 a 17,5",7,IF(BR6="18","NORMA",IF(BR6="18,5 a 23,5",8,IF(BR6="24 a 29",9,IF(BR6="29,5 a 34,5",10,IF(BR6="35 a 40",11,""))))))))))))) -> 6 | BT6: 1 | BU6: =IF(BT6="","",IF(AND(BT6>=-20,BT6<=-18),"-20 a -18",IF(AND(BT6>=-17.5,BT6<=-15.5),"-17,5 a -15,5",IF(AND(BT6>=-15,BT6<=-13),"-15 a -13",IF(AND(BT6>=-12.5,BT6<=-10.5),"-12,5 a -10,5",IF(AND(BT6>=-10,BT6<=-8),"-10 a -8",IF(AND(BT6>=-7.5,BT6<=-5.5),"-7,5 a -5,5",IF(AND(BT6>=-5,BT6<=-3),"-5 a -3",IF(AND(BT6>=-2.5,BT6<=-0.5),"-2,5 a -0,5",IF(BT6=0,"0",IF(AND(BT6>=0.5,BT6<=2.5),"0,5 a 2,5",IF(AND(BT6>=3,BT6<=5),"3 a 5",IF(AND(BT6>=5.5,BT6<=7.5),"5,5 a 7,5",IF(AND(BT6>=8,BT6<=10),"8 a 10",IF(AND(BT6>=10.5,BT6<=12.5),"10,5 a 12,5",IF(AND(BT6>=13,BT6<=15),"13 a 15",IF(AND(BT6>=15.5,BT6<=17.5),"15,5 a 17,5",IF(AND(BT6>=18,BT6<=20),"18 a 20","Fuera de rango")))))))))))))))))) -> 0,5 a 2,5 | BV6: =IF(BT6="","",IF(BT6=0,"NORMA",IF(AND(BT6>=-20,BT6<=-18),2,IF(AND(BT6>=-17.5,BT6<=-15.5),2,IF(AND(BT6>=-15,BT6<=-13),3,IF(AND(BT6>=-12.5,BT6<=-10.5),4,IF(AND(BT6>=-10,BT6<=-8),5,IF(AND(BT6>=-7.5,BT6<=-5.5),6,IF(AND(BT6>=-5,BT6<=-3),7,IF(AND(BT6>=-2.5,BT6<=-0.5),8,IF(AND(BT6>=0.5,BT6<=2.5),9,IF(AND(BT6>=3,BT6<=5),10,IF(AND(BT6>=5.5,BT6<=7.5),11,IF(AND(BT6>=8,BT6<=10),12,IF(AND(BT6>=10.5,BT6<=12.5),13,IF(AND(BT6>=13,BT6<=15),14,IF(AND(BT6>=15.5,BT6<=17.5),15,IF(AND(BT6>=18,BT6<=20),16,"Fuera de rango")))))))))))))))))) -> 9 | BW6: -3.5 | BX6: =18.5- (0.3*H6) -> 2.9 | BY6: =(BW6)-(BX6) -> -6.4 | BZ6: =IF(BY6="","",IF(BY6<-27.5,"De -30 a -28",IF(BY6<-25,"De -27,5 a -25,5",IF(BY6<-22.5,"De -25 a -23",IF(BY6<-20,"De -22,5 a -20,5",IF(BY6<-17.5,"De -20 a -18",IF(BY6<-15,"De -17,5 a -15,5",IF(BY6<-12.5,"De -15 a -13",IF(BY6<-10,"De -12,5 a -10,5",IF(BY6<-7.5,"De -10 a -8",IF(BY6<-5,"De -7,5 a -5,5",IF(BY6<-2.5,"De -5 a -3",IF(BY6<0,"De -2,5 a -0,5",IF(BY6<2.5,"De 0 a 2",IF(BY6<5,"De 2,5 a 4,5",IF(BY6<7.5,"De 5 a 7",IF(BY6<10,"De 7,5 a 9,5",IF(BY6<12.5,"De 10 a 12",IF(BY6<15,"De 12,5 a 14,5",IF(BY6<17.5,"De 15 a 17",IF(BY6<20,"De 17,5 a 19,5",IF(BY6<22.5,"De 20 a 22",IF(BY6<25,"De 22,5 a 24,5",IF(BY6<27.5,"De 25 a 27","De 27,5 a 30")))))))))))))))))))))))) -> De -7,5 a -5,5 | CA6: =IF(BY6="","",IF(BY6<=-28,1,IF(BY6<=-25.5,2,IF(BY6<=-23,3,IF(BY6<=-20.5,4,IF(BY6<=-18,5,IF(BY6<=-15.5,6,IF(BY6<=-13,7,IF(BY6<=-10.5,8,IF(BY6<=-8,9,IF(BY6<=-5.5,10,IF(BY6<=-3,11,IF(BY6<=-0.5,12,IF(BY6<=2,13,IF(BY6<=4.5,14,IF(BY6<=7,15,IF(BY6<=9.5,16,IF(BY6<=12,17,IF(BY6<=14.5,18,IF(BY6<=17,19,IF(BY6<=19.5,20,IF(BY6<=22,21,IF(BY6<=24.5,22,IF(BY6<=27,23,IF(BY6<=30,24,"Fuera de rango"))))))))))))))))))))))))) -> 10 | CB6: -3.5 | CC6: =18.5- (0.3*H6) -> 2.9 | CD6: =(CB6)-(CC6) -> -6.4 | CE6: =IF(CD6="","",IF(CD6<-27.5,"De -30 a -28",IF(CD6<-25,"De -27,5 a -25,5",IF(CD6<-22.5,"De -25 a -23",IF(CD6<-20,"De -22,5 a -20,5",IF(CD6<-17.5,"De -20 a -18",IF(CD6<-15,"De -17,5 a -15,5",IF(CD6<-12.5,"De -15 a -13",IF(CD6<-10,"De -12,5 a -10,5",IF(CD6<-7.5,"De -10 a -8",IF(CD6<-5,"De -7,5 a -5,5",IF(CD6<-2.5,"De -5 a -3",IF(CD6<0,"De -2,5 a -0,5",IF(CD6<=2,"De 0 a 2",IF(CD6<=4.5,"De 2,5 a 4,5",IF(CD6<=7,"De 5 a 7",IF(CD6<=9.5,"De 7,5 a 9,5",IF(CD6<=12,"De 10 a 12",IF(CD6<=14.5,"De 12,5 a 14,5",IF(CD6<=17,"De 15 a 17",IF(CD6<=19.5,"De 17,5 a 19,5",IF(CD6<=22,"De 20 a 22",IF(CD6<=24.5,"De 22,5 a 24,5",IF(CD6<=27,"De 25 a 27","De 27,5 a 30")))))))))))))))))))))))) -> De -7,5 a -5,5 | CF6: =IF(CD6="","",IF(CD6<-27.5,1,IF(CD6<-25,2,IF(CD6<-22.5,3,IF(CD6<-20,4,IF(CD6<-17.5,5,IF(CD6<-15,6,IF(CD6<-12.5,7,IF(CD6<-10,8,IF(CD6<-7.5,9,IF(CD6<-5,10,IF(CD6<-2.5,11,IF(CD6<0,12,IF(CD6<2.5,13,IF(CD6<5,14,IF(CD6<7.5,15,IF(CD6<10,16,IF(CD6<12.5,17,IF(CD6<15,18,IF(CD6<17.5,19,IF(CD6<20,20,IF(CD6<22.5,21,IF(CD6<25,22,IF(CD6<27.5,23,24)))))))))))))))))))))))) -> 10 | CG6: -1.25 | CH6: =IF(CG6="","",IF(AND(CG6>=-10,CG6<=-9.5),"-10 a -9,5",IF(AND(CG6>-9.5,CG6<=-8.5),"-9 a -8,5",IF(AND(CG6>-8.5,CG6<=-7.5),"-8 a -7,5",IF(AND(CG6>-7.5,CG6<=-6.5),"-7 a -6,5",IF(AND(CG6>-6.5,CG6<=-5.5),"-6 a -5,5",IF(AND(CG6>-5.5,CG6<=-4.5),"-5 a -4,5",IF(AND(CG6>-4.5,CG6<=-3.5),"-4 a -3,5",IF(AND(CG6>-3.5,CG6<=-2.5),"-3 a -2,5",IF(CG6=-2.25,"-2,25",IF(AND(CG6>-2.5,CG6<=-1.5),"-2 a -1,5",IF(AND(CG6>-1.5,CG6<=-0.5),"-1 a -0,5",IF(AND(CG6>-0.5,CG6<=0.5),"0 a 0,5",IF(AND(CG6>0.5,CG6<=1.5),"1 a 1,5",IF(AND(CG6>1.5,CG6<=2.5),"2 a 2,5",IF(AND(CG6>2.5,CG6<=3.5),"3 a 3,5",IF(AND(CG6>3.5,CG6<=4.5),"4 a 4,5",IF(AND(CG6>4.5,CG6<=5.5),"5 a 5,5",IF(AND(CG6>5.5,CG6<=6.5),"6 a 6,5",IF(AND(CG6>6.5,CG6<=7.5),"7 a 7,5",IF(AND(CG6>7.5,CG6<=8.5),"8 a 8,5",IF(AND(CG6>8.5,CG6<=9.5),"9 a 9,5",IF(CG6>=10,"10","Fuera de rango"))))))))))))))))))))))) -> -1 a -0,5 | CI6: =IF(CG6="","",IF(CG6=-2.25,"NORMA",IF(CG6<=-9.5,1,IF(CG6<=-8.5,2,IF(CG6<=-7.5,3,IF(CG6<=-6.5,4,IF(CG6<=-5.5,5,IF(CG6<=-4.5,6,IF(CG6<=-3.5,7,IF(CG6<=-2.5,8,IF(CG6<=-1.5,9,IF(CG6<=-0.5,10,IF(CG6<=0.5,11,IF(CG6<=1.5,12,IF(CG6<=2.5,13,IF(CG6<=3.5,14,IF(CG6<=4.5,15,IF(CG6<=5.5,16,IF(CG6<=6.5,17,IF(CG6<=7.5,18,IF(CG6<=8.5,19,IF(CG6<=9.5,20,IF(CG6=10,21,"Fuera de rango"))))))))))))))))))))))) -> 10 | CJ6: 1 | CK6: =IF(CJ6="","",IF(AND(CJ6>=-6,CJ6<=-5.5),"-6 a -5,5",IF(AND(CJ6>-5.5,CJ6<=-4.5),"-5 a -4,5",IF(AND(CJ6>-4.5,CJ6<=-3.5),"-4 a -3,5",IF(AND(CJ6>-3.5,CJ6<=-2.5),"-3 a -2,5",IF(AND(CJ6>-2.5,CJ6<=-1.5),"-2 a -1,5",IF(AND(CJ6>-1.5,CJ6<=-0.5),"-1 a -0,5",IF(AND(CJ6>-0.5,CJ6<=0.5),"0 a 0,5",IF(AND(CJ6>0.5,CJ6<=1.5),"1 a 1,5",IF(AND(CJ6>1.5,CJ6<2.5),"2",IF(AND(CJ6>=2.5,CJ6<=3),"2,5 a 3",IF(AND(CJ6>3,CJ6<=4),"3,5 a 4",IF(AND(CJ6>4,CJ6<=5),"4,5 a 5",IF(AND(CJ6>5,CJ6<=6),"5,5 a 6",IF(AND(CJ6>6,CJ6<=7),"6,5 a 7",IF(AND(CJ6>7,CJ6<=8),"7,5 a 8",IF(AND(CJ6>8,CJ6<=9.5),"8,5 a 9,5",IF(CJ6=10,"10","Fuera de rango")))))))))))))))))) -> 1 a 1,5 | CL6: =IF(CK6="","",IF(OR(CK6="-6 a -5,5",CK6="-6 - -5,5"),1,IF(OR(CK6="-5 a -4,5",CK6="-5 - -4,5"),2,IF(OR(CK6="-4 a -3,5",CK6="-4 - -3,5"),3,IF(OR(CK6="-3 a -2,5",CK6="-3 - -2,5"),4,IF(OR(CK6="-2 a -1,5",CK6="-2 - -1,5"),5,IF(OR(CK6="-1 a -0,5",CK6="-1 - -0,5"),6,IF(OR(CK6="0 a 0,5",CK6="0 - 0,5"),7,IF(OR(CK6="1 a 1,5",CK6="1 - 1,5"),8,IF(CK6="2","NORMA",IF(OR(CK6="2,5 a 3",CK6="2,5 - 3"),9,IF(OR(CK6="3,5 a 4",CK6="3,5 - 4"),10,IF(OR(CK6="4,5 a 5",CK6="4,5 - 5"),11,IF(OR(CK6="5,5 a 6",CK6="5,5 - 6"),12,IF(OR(CK6="6,5 a 7",CK6="6,5 - 7"),13,IF(OR(CK6="7,5 a 8",CK6="7,5 - 8"),14,IF(OR(CK6="8,5 a 9",CK6="8,5 - 9,5",CK6="9 a 9,5"),15,IF(CK6="10",15,IF(OR(CK6="0,5 a 1",CK6="0,5 - 1"),7,"Fuera de rango"))))))))))))))))))) -> 8 | CM6: 0 | CN6: =IF(CM6=0,"0", " ") -> 0 | CO6: =IF(CM6>0,"EME"," ") | CP6: 0 | CQ6: =IF(CP6>0,"0", " ") | CR6: =IF(CP6>0,"EME"," ") | CS6: 0 | CT6: =IF(CS6>0,"1", " ") | CU6: =IF(CS6>0,"HIP"," ") | CV6: 0 | CW6: =IF(CV6>0,"1", " ") | CX6: =IF(CV6>0,"HIP"," ") | CY6: -0.75 | CZ6: =IF(CY6<0,"2"," ") -> 2 | DA6: =IF(CY6<0,"MIO"," ") -> MIO | DB6: -0.25 | DC6: =IF(DB6<0,"2"," ") -> 2 | DD6: =IF(DB6<0,"MIO"," ") -> MIO | DE6: -2.25 | DF6: =IF(DE6<0,"3"," ") -> 3 | DG6: =IF(DE6<0,"AST"," ") -> AST | DH6: -0.75 | DI6: =IF(DH6<0,"3"," ") -> 3 | DJ6: =IF(DH6<0,"AST"," ") -> AST | DK6: 2.25 | DL6: =IF(DK6>0,"4"," ") -> 4 | DM6: =IF(DK6>0,"PRE"," ") -> PRE | DN6: 2.25 | DO6: =IF(DN6>0,"4"," ") -> 4 | DP6: =IF(DN6>0,"PRE"," ") -> PRE | DQ6: 3 | DR6: 3 | DS6: =CONCATENATE(CO6,CU6,DA6,DG6,DM6) -> MIOASTPRE | DT6: {=_xlfn.IFS(DS6="EME ","0", DS6=" HIP ","1", DS6=" MIO ","2", DS6=" AST ","3", DS6=" PRE","4", DS6="EME PRE","5", DS6=" HIP PRE","6", DS6=" HIP AST ","7", DS6=" MIO PRE","8", DS6=" MIOAST ","9", DS6=" ASTPRE","10",DS6=" HIP ASTPRE","11", DS6=" MIOASTPRE","12", DS6=" ","0")} -> 12 | DU6: SI | DV6: {=_xlfn.IFS(DU6="SI","2", DU6="NO","1")} -> 2 | DW6: 0 | DX6: =IF(DW6=0,"1","2") -> 1 | DY6: {=_xlfn.IFS(DW6=0,"0", DW6=0.25, "1", DW6=0.5,"2", DW6=0.75,"3", DW6=1,"4",DW6=1.25,"5", DW6=1.5,"6", DW6=1.75,"7", DW6=2,"8")} -> 0 | DZ6: 0 | EA6: =IF(DZ6=0,"1","2") -> 1 | EB6: {=_xlfn.IFS(DZ6=0,"0", DZ6=0.25, "1", DZ6=0.5,"2", DZ6=0.75,"3", DZ6=1,"4",DZ6=1.25,"5", DZ6=1.5,"6", DZ6=1.75,"7", DZ6=2,"8")} -> 0 | EC6: 0 | ED6: =IF(EC6=0,"1","2") -> 1 | EE6: {=_xlfn.IFS(EC6=0,"0", EC6=-0.25, "1", EC6=-0.5,"2", EC6=-0.75,"3", EC6=-1,"4",EC6=-1.25,"5", EC6=-1.5,"6", EC6=-1.75,"7", EC6=-2,"8", EC6=-2.25,"9",EC6=-2.5,"10", EC6=-2.75,"11", EC6=-3,"12", EC6=-3.25,"13", EC6=-3.5,"14", EC6=-3.75,"15",EC6=-4,"16")} -> 0 | EF6: 0 | EG6: =IF(EF6=0,"1","2") -> 1 | EH6: {=_xlfn.IFS(EF6=0,"0", EF6=-0.25, "1", EF6=-0.5,"2", EF6=-0.75,"3", EF6=-1,"4",EF6=-1.25,"5", EF6=-1.5,"6", EF6=-1.75,"7", EF6=-2,"8", EF6=-2.25,"9",EF6=-2.5,"10", EF6=-2.75,"11", EF6=-3,"12", EF6=-3.25,"13", EF6=-3.5,"14", EF6=-3.75,"15",EF6=-4,"16")} -> 0 | EI6: 0 | EJ6: =IF(EI6=0,"1","2") -> 1 | EK6: {=_xlfn.IFS(EI6=0,"0", EI6=-0.25, "1", EI6=-0.5,"2", EI6=-0.75,"3", EI6=-1,"4",EI6=-1.25,"5", EI6=-1.5,"6", EI6=-1.75,"7", EI6=-2,"8", EI6=-2.25,"9", EI6=-2.25,"9",EI6=-2.5,"10", EI6=-2.75,"11", EI6=-3,"12", EI6=-3.25,"13", EI6=-3.5,"14", EI6=-3.75,"15",EI6=-4,"16", EI6=0.25, "17", EI6=0.5, "18")} -> 0 | EL6: 0 | EM6: =IF(EL6=0,"1","2") -> 1 | EN6: {=_xlfn.IFS(EL6=0.25,"17",EL6=0.5,"18", EL6=0,"0", EL6=-0.25, "1", EL6=-0.5,"2", EL6=-0.75,"3", EL6=-1,"4",EL6=-1.25,"5", EL6=-1.5,"6", EL6=-1.75,"7", EL6=-2,"8",EL6= -2.25,"9",EL6=-2.5,"10",EL6= -2.75,"11",EL6= -3,"12",EL6= -3.25,"13",EL6= -3.5,"14",EL6= -3.75,"15",EL6=-4,"16")} -> 0 | EO6: 0.75 | EP6: =IF(EO6=0,"1","2") -> 2 | EQ6: {=_xlfn.IFS(EO6=0,"0", EO6=0.25, "1", EO6=0.5,"2", EO6=0.75,"3", EO6=1,"4",EO6=1.25,"5", EO6=1.5,"6", EO6=1.75,"7", EO6=2,"8", EO6=2.25,"9", EO6=2.25,"9",EO6=2.5,"10", EO6=2.75,"11", EO6=3,"12", EO6=3.25,"13", EO6=3.5,"14", EO6=3.75,"15",EO6=4,"16", EO6=-0.25, "17", bq=-0.5, "18")} -> 3 | ER6: 0.75 | ES6: =IF(ER6=0,"1","2") -> 2 | ET6: {=_xlfn.IFS(ER6=0,"0", ER6=0.25, "1", ER6=0.5,"2", ER6=0.75,"3", ER6=1,"4",ER6=1.25,"5", ER6=1.5,"6", ER6=1.75,"7", ER6=2,"8", ER6=2.25,"9", ER6=2.25,"9",ER6=2.5,"10", ER6=2.75,"11", ER6=3,"12", ER6=3.25,"13", ER6=3.5,"14", ER6=3.75,"15",ER6=4,"16", ER6=-0.25, "17", bq=-0.5, "18")} -> 3 | EU6: 48 | EV6: =VLOOKUP(EU6,LEYENDA!$G$2:$H$8,2,TRUE()) -> 37-48 | EW6: {=_xlfn.IFS(EV6="0-5","1", EV6="6-12","2", EV6="13-18","3", EV6="19-24","4", EV6="25-36","5", EV6="37-48","6", EV6="49-60","7")} -> 6
A7: 2 | B7: 4 | C7: 42828 | E7: =VLOOKUP(A7,'286'!$A$3:$J$600,10,FALSE()) -> ACEÑA ABEJÓN, JULIÁN | F7: =VLOOKUP(A7,'286'!$A$3:$I$1768,3,FALSE()) -> AAJU | G7: =VLOOKUP(A7,'286'!$A$3:$I$1768,4,FALSE()) -> 20353 | H7: =YEAR(C7)-YEAR(G7) -> 62 | I7: =VLOOKUP(H7,LEYENDA!$C$2:$D$6,2,TRUE()) -> 61-100 | J7: =VLOOKUP(A7,'286'!$A$3:$I$1768,7,FALSE()) -> H | K7: =VLOOKUP(A7,'286'!$A$3:$I$1768,2,FALSE()) -> OD | L7: =VLOOKUP(A7,'286'!$A$3:$I$1768,8,FALSE()) -> D | M7: =VLOOKUP(A7,'286'!$A$3:$I$1768,9,FALSE()) -> D | N7: =IF(R7=O7, "MISMA","CONTRARIA") -> MISMA | O7: {=_xlfn.IFS(L7="D","1", L7="I","2")} -> 1 | P7: {=_xlfn.IFS(K7="OD","1", K7="OI","2")} -> 1 | Q7: {=_xlfn.IFS(J7="M","1", J7="H","2")} -> 2 | R7: {=_xlfn.IFS(M7="D","1", M7="I","2")} -> 1 | S7: {=_xlfn.IFS(N7="CONTRARIA", "1",N7= "MISMA","2")} -> 2 | T7: {=_xlfn.IFS(I7="0-12","1", I7="13-24","2", I7="25-40","3", I7="41-60","4", I7="61-100","5")} -> 5 | U7: 0 | V7: =IF(U7="","",IF(AND(U7>=-9,U7<=-6.5),"-9 a -6,5",IF(AND(U7>=-6,U7<=-3.5),"-6 a -3,5",IF(AND(U7>=-3,U7<=-1),"-3 a -1",IF(U7=-0.5,"-0,5",IF(AND(U7>=0,U7<=2.5),"0 a 2,5",IF(AND(U7>=3,U7<=5.5),"3 a 5,5",IF(AND(U7>=6,U7<=8.5),"6 a 8,5",IF(AND(U7>=9,U7<=20),"9 a 20","Fuera de rango"))))))))) -> 0 a 2,5 | W7: =IF(V7="","",IF(V7="-9 a -6,5",2,IF(V7="-6 a -3,5",3,IF(V7="-3 a -1",4,IF(V7="-0,5","NORMA",IF(V7="0 a 2,5",5,IF(V7="3 a 5,5",6,IF(V7="6 a 8,5",7,IF(V7="9 a 20",8,"Fuera de rango"))))))))) -> 5 | X7: 0 | Y7: =IF(X7="","",IF(AND(X7>=0,X7<=4),"0 a 4",IF(AND(X7>=4.5,X7<=8.5),"4,5 a 8,5",IF(X7=9,"9",IF(AND(X7>=9.5,X7<=13),"9,5 a 13",IF(AND(X7>=13.5,X7<=20),"13,5 a 20",IF(AND(X7>=20.5,X7<=35),"20,5 a 35","Fuera de rango"))))))) -> 0 a 4 | Z7: =IF(Y7="","",IF(Y7="0 a 4",1,IF(Y7="4,5 a 8,5",2,IF(Y7="9","NORMA",IF(Y7="9,5 a 13",3,IF(Y7="13,5 a 20",4,IF(Y7="20,5 a 35",5,"Fuera de rango"))))))) -> 1 | AA7: 27 | AB7: =IF(AA7="","",IF(AND(AA7>=0,AA7<=9),"0 a 9",IF(AND(AA7>=9.5,AA7<=18.5),"9,5 a 18,5",IF(AA7=19,"19",IF(AND(AA7>=19.5,AA7<=28),"19,5 a 28",IF(AND(AA7>=28.5,AA7<=40),"28,5 a 40","Fuera de rango")))))) -> 19,5 a 28 | AC7: {=_xlfn.IFS(AB7="","",AB7="0 a 9",1,AB7="9,5 a 18,5",2,AB7="19","NORMA",AB7="19,5 a 28",3,AB7="28,5 a 40",4,TRUE(),"Fuera de rango")} -> 3 | AD7: 16 | AE7: =IF(AD7="","",IF(AND(AD7>=-10,AD7<=0),"De -10 a 0",IF(AND(AD7>=0.5,AD7<=9.5),"0,5 a 9,5",IF(AD7=10,"10",IF(AND(AD7>=10.5,AD7<=20),"10,5 a 20",IF(AND(AD7>=20.5,AD7<=40),"20,5 a 40","Fuera de rango")))))) -> 10,5 a 20 | AF7: =IF(AD7="","",IF(AND(AD7>=-10,AD7<=0),1,IF(AND(AD7>=0.5,AD7<=9.5),2,IF(AD7=10,"NORMA",IF(AND(AD7>=10.5,AD7<=20),3,IF(AND(AD7>=20.5,AD7<=40),4,"")))))) -> 3 | AH7: =IF(AG7="","",IF(AND(AG7>=0,AG7<=4),"0 a 4",IF(AND(AG7>=4.5,AG7<=8.5),"4,5 a 8,5",IF(AG7=9,"9",IF(AND(AG7>=9.5,AG7<=13),"9,5 a 13",IF(AND(AG7>=13.5,AG7<=25),"13,5 a 25","Fuera de rango")))))) | AI7: =IF(AH7="","",IF(AH7="0 a 4",1,IF(AH7="4,5 a 8,5",2,IF(AH7="9","NORMA",IF(AH7="9,5 a 13",3,IF(AH7="13,5 a 25",4,"")))))) | AJ7: 2 | AK7: =IF(AJ7="","",IF(AND(AJ7>=-15,AJ7<=-10.5),"-15 a -10,5",IF(AND(AJ7>=-10,AJ7<=-4),"-10 a -4",IF(AND(AJ7>=-4.5,AJ7<=0),"-4,5 a 0",IF(AND(AJ7>=0.5,AJ7<=4.5),"0,5 a 4,5",IF(AJ7=5,"5",IF(AND(AJ7>=5.5,AJ7<=10),"5,5 a 10",IF(AND(AJ7>=10.5,AJ7<=20),"10,5 a 20","Fuera de rango")))))))) -> 0,5 a 4,5 | AL7: =IF(AK7="","",IF(AK7="-15 a -10,5",1,IF(AK7="-10 a -4",2,IF(AK7="-4,5 a 0",3,IF(AK7="0,5 a 4,5",4,IF(AK7="5","NORMA",IF(AK7="5,5 a 10",5,IF(AK7="10,5 a 20",6,"Error")))))))) -> 4 | AM7: -1 | AN7: =IF(AM7="","",IF(AND(AM7>=-7.5,AM7<=-5.5),"-7,5 a -5,5",IF(AND(AM7>=-5,AM7<=-3),"-5 a -3",IF(AND(AM7>=-2.5,AM7<=-0.5),"-2,5 a -0,5",IF(AM7=0,"0,00",IF(AND(AM7>=0.5,AM7<=2.5),"0,5 a 2,5",IF(AND(AM7>=3,AM7<=5),"3 a 5",IF(AND(AM7>=5.5,AM7<=7.5),"5,5 a 7,5",IF(AND(AM7>=8,AM7<=10),"8 a 10","Fuera de rango"))))))))) -> -2,5 a -0,5 | AO7: =IF(AN7="","",IF(AN7="-7,5 a -5,5",1,IF(AN7="-5 a -3",2,IF(AN7="-2,5 a -0,5",3,IF(AN7="0,00","NORMA",IF(AN7="0,5 a 2,5",4,IF(AN7="3 a 5",5,IF(AN7="5,5 a 7,5",6,IF(AN7="8 a 10",7,"Error"))))))))) -> 3 | AP7: -3 | AQ7: =IF(AP7="","",IF(AND(AP7>=-20,AP7<=-9.5),"-20 a -9,5",IF(AND(AP7>=-9,AP7<=-6.5),"-9 a -6,5",IF(AP7=-6,"-6",IF(AND(AP7>=-5.5,AP7<=-3),"-5,5 a -3",IF(AND(AP7>=-2.5,AP7<=0),"-2,5 a 0",IF(AND(AP7>=0.5,AP7<=3),"0,5 a 3",IF(AND(AP7>=3.5,AP7<=6),"3,5 a 6",IF(AND(AP7>=6.5,AP7<=9),"6,5 a 9",IF(AND(AP7>=9.5,AP7<=20),"9,5 a 20","Fuera de rango")))))))))) -> -5,5 a -3 | AR7: =IF(AQ7="","",IF(AQ7="-20 a -9,5",1,IF(AQ7="-9 a -6,5",2,IF(AQ7="-6","NORMA",IF(AQ7="-5,5 a -3",3,IF(AQ7="-2,5 a 0",4,IF(AQ7="0,5 a 3",5,IF(AQ7="3,5 a 6",6,IF(AQ7="6,5 a 9",7,IF(AQ7="9,5 a 20",8,"")))))))))) -> 3 | AS7: -2 | AT7: =IF(AS7="","",IF(AND(AS7>=-16,AS7<=-14),"-16 a -14",IF(AND(AS7>=-13.5,AS7<=-11.5),"-13,5 a -11,5",IF(AND(AS7>=-11,AS7<=-9),"-11 a -9",IF(AND(AS7>=-8.5,AS7<=-6.5),"-8,5 a -6,5",IF(AND(AS7>=-6,AS7<=-4),"-6 a -4",IF(AND(AS7>=-3.5,AS7<=-1.5),"-3,5 a -1,5",IF(AND(AS7>=-1,AS7<=1),"-1 a 1",IF(AND(AS7>=1.5,AS7<=3.5),"1,5 a 3,5",IF(AND(AS7>=4,AS7<=6),"4 a 6",IF(AND(AS7>=6.5,AS7<=8.5),"6,5 a 8,5",IF(AND(AS7>=9,AS7<=11),"9 a 11",IF(AND(AS7>=11.5,AS7<=13.5),"11,5 a 13,5",IF(AND(AS7>=14,AS7<=16),"14 a 16",IF(AND(AS7>=16.5,AS7<=18.5),"16,5 a 18,5",IF(AND(AS7>=19,AS7<=21),"19 a 21","Fuera de rango")))))))))))))))) -> -3,5 a -1,5 | AU7: {=IF(AT7="","",_xlfn.IFS(AT7="-16 a -14",1,AT7="-13,5 a -11,5",2,AT7="-11 a -9",3,AT7="-8,5 a -6,5",4,AT7="-6 a -4",5,AT7="-3,5 a -1,5",6,AT7="-1 a 1",7,AT7="1,5 a 3,5",8,AT7="4 a 6","NORMA",AT7="6,5 a 8,5",9,AT7="9 a 11",10,AT7="11,5 a 13,5",11,AT7="14 a 16",12,AT7="16,5 a 18,5",13,AT7="19 a 21",14,TRUE(),""))} -> 6 | AV7: 2.5 | AW7: =IF(AV7="","",IF(AND(AV7>=-1,AV7<=-0.5),"-1 a -0,5",IF(AND(AV7>-0.5,AV7<=0),"De -0,5 a 0",IF(AND(AV7>=0.25,AV7<=0.75),"0,25 a 0,75",IF(AND(AV7>=1,AV7<=1.5),"1 a 1,5",IF(AND(AV7>=1.75,AV7<=2.25),"1,75 a 2,25",IF(AND(AV7>=2.5,AV7<=3),"2,5 a 3",IF(AND(AV7>=3.25,AV7<=3.75),"3,25 a 3,75","Fuera de rango")))))))) -> 2,5 a 3 | AX7: =IF(AW7="","",IF(OR(AW7="-1 a -0,5",AW7="-1 a -0.5"),1,IF(OR(AW7="De -0,5 a 0",AW7="-0,5 a 0",AW7="De -0.5 a 0"),2,IF(OR(AW7="0,25 a 0,75",AW7="0.25 a 0.75"),"NORMA",IF(OR(AW7="1 a 1,5",AW7="1 a 1.5"),3,IF(OR(AW7="1,75 a 2,25",AW7="1.75 a 2.25"),4,IF(OR(AW7="2,5 a 3",AW7="2.5 a 3"),5,IF(OR(AW7="3,25 a 3,75",AW7="3.25 a 3.75"),6,"")))))))) -> 5 | AY7: -3 | AZ7: =IF(AY7="","",IF(AND(AY7>=-20,AY7<=-9.5),"-20 a -9,5",IF(AND(AY7>=-9,AY7<=-6.5),"-9 a -6,5",IF(AY7=-6,"-6",IF(AND(AY7>=-5.5,AY7<=-3),"-5,5 a -3",IF(AND(AY7>=-2.5,AY7<=0),"-2,5 a 0",IF(AND(AY7>=0.5,AY7<=3),"0,5 a 3",IF(AND(AY7>=3.5,AY7<=6),"3,5 a 6","Fuera de rango")))))))) -> -5,5 a -3 | BA7: =IF(AZ7="","",IF(AZ7="-20 a -9,5",1,IF(AZ7="-9 a -6,5",2,IF(AZ7="-6","NORMA",IF(AZ7="-5,5 a -3",3,IF(AZ7="-2,5 a 0",4,IF(AZ7="0,5 a 3",5,IF(AZ7="3,5 a 6",6,"")))))))) -> 3 | BB7: 0 | BC7: {=IF(BB7="","",_xlfn.IFS(AND(BB7>=0,BB7<=2),"0 a 2",AND(BB7>=2.5,BB7<=4.5),"2,5 a 4,5",AND(BB7>=5,BB7<=7),"5 a 7",AND(BB7>=7.5,BB7<=9.5),"7,5 a 9,5",AND(BB7>=10,BB7<=12),"10 a 12",AND(BB7>=12.5,BB7<=14.5),"12,5 a 14,5",BB7=15,"15",AND(BB7>=15.5,BB7<=17.5),"15,5 a 17,5",AND(BB7>=18,BB7<=20),"18 a 20",AND(BB7>=20.5,BB7<=22.5),"20,5 a 22,5",AND(BB7>=23,BB7<=25),"23 a 25",TRUE(),"Fuera de rango"))} -> 0 a 2 | BD7: {=IF(BC7="","",_xlfn.IFS(BC7="0 a 2",1,BC7="2,5 a 4,5",2,BC7="5 a 7",3,BC7="7,5 a 9,5",4,BC7="10 a 12",5,BC7="12,5 a 14,5",6,BC7="15","NORMA",BC7="15,5 a 17,5",7,BC7="18 a 20",8,BC7="20,5 a 22,5",9,BC7="23 a 25",10,TRUE(),"Fuera de rango"))} -> 1 | BE7: 30 | BF7: =IF(BE7="","",IF(AND(BE7>=-20,BE7<=-10),"-20 a -10",IF(AND(BE7>=-9.5,BE7<=0.5),"-9,5 a 0,5",IF(AND(BE7>=1,BE7<=11),"1 a 11",IF(AND(BE7>=11.5,BE7<=20.5),"11,5 a 20,5",IF(BE7=21,"21",IF(AND(BE7>=21.5,BE7<=31.5),"21,5 a 31,5",IF(AND(BE7>=32,BE7<=42),"32 a 42","Fuera de rango")))))))) -> 21,5 a 31,5 | BG7: =IF(BF7="","",IF(BF7="-20 a -10",1,IF(BF7="-9,5 a 0,5",2,IF(BF7="1 a 11",3,IF(BF7="11,5 a 20,5",4,IF(BF7="21","NORMA",IF(BF7="21,5 a 31,5",5,IF(BF7="32 a 42",6,"")))))))) -> 5 | BH7: 11 | BI7: =IF(BH7="","",IF(AND(BH7>=-20,BH7<=-15),"-20 a -15",IF(AND(BH7>=-14.5,BH7<=-9.5),"-14,5 a -9,5",IF(AND(BH7>=-9,BH7<=-4),"-9 a -4",IF(AND(BH7>=-3.5,BH7<=2.5),"-3,5 a 2,5",IF(AND(BH7>=3,BH7<=8),"3 a 8",IF(AND(BH7>=8.5,BH7<=14.5),"8,5 a 14,5",IF(BH7=15,"15",IF(AND(BH7>=15.5,BH7<=20.5),"15,5 a 20,5",IF(AND(BH7>=21,BH7<=26),"21 a 26","Fuera de rango")))))))))) -> 8,5 a 14,5 | BJ7: =IF(BI7="","",IF(BI7="-20 a -15",1,IF(BI7="-14,5 a -9,5",2,IF(BI7="-9 a -4",3,IF(BI7="-3,5 a 2,5",4,IF(BI7="3 a 8",5,IF(BI7="8,5 a 14,5",6,IF(BI7="15","NORMA",IF(BI7="15,5 a 20,5",7,IF(BI7="21 a 26",8,IF(BI7="26,5 a 31,5",9,""))))))))))) -> 6 | BK7: 0 | BL7: =IF(BK7="","",IF(AND(BK7>=0,BK7<=2),"0 - 2",IF(AND(BK7>=2.5,BK7<=4.5),"2,5 - 4,5",IF(AND(BK7>=5,BK7<=7),"5 - 7",IF(AND(BK7>=7.5,BK7<=9.5),"7,5 - 9,5",IF(AND(BK7>=10,BK7<=12),"10 - 12",IF(AND(BK7>=12.5,BK7<=13.5),"12,5 - 13,5",IF(BK7=14,"14",IF(AND(BK7>=14.5,BK7<=16.5),"14,5 - 16,5",IF(AND(BK7>=17,BK7<=19),"17 - 19",IF(AND(BK7>=19.5,BK7<=21.5),"19,5 - 21,5",IF(AND(BK7>=22,BK7<=24),"22 - 24",IF(AND(BK7>=24.5,BK7<=26.5),"24,5 - 26,5",IF(AND(BK7>=27,BK7<=29),"27 - 29",IF(AND(BK7>=29.5,BK7<=30),"29,5 - 30","Fuera de rango"))))))))))))))) -> 0 - 2 | BM7: =IF(BL7="","",IF(BL7="0 - 2",1,IF(BL7="2,5 - 4,5",2,IF(BL7="5 - 7",3,IF(BL7="7,5 - 9,5",4,IF(BL7="10 - 12",5,IF(BL7="12,5 - 13,5",6,IF(BL7="14","NORMA",IF(BL7="14,5 - 16,5",7,IF(BL7="17 - 19",8,IF(BL7="19,5 - 21,5",9,IF(BL7="22 - 24",10,IF(BL7="24,5 - 26,5",11,IF(BL7="27 - 29",12,IF(BL7="29,5 - 30",13,""))))))))))))))) -> 1 | BN7: 14 | BO7: =IF(BN7="","",IF(AND(BN7>=-20,BN7<=-10),"-20 a -10",IF(AND(BN7>=-9.5,BN7<=0.5),"-9,5 a 0,5",IF(AND(BN7>=1,BN7<=11),"1 a 11",IF(AND(BN7>=11.5,BN7<=21.5),"11,5 a 21,5",IF(BN7=22,"22",IF(AND(BN7>=22.5,BN7<=32.5),"22,5 a 32,5",IF(AND(BN7>=33,BN7<=43),"33 a 43","Fuera de rango")))))))) -> 11,5 a 21,5 | BP7: =IF(BO7="","",IF(BO7="-20 a -10",1,IF(BO7="-9,5 a 0,5",2,IF(BO7="1 a 11",3,IF(BO7="11,5 a 21,5",4,IF(BO7="22","NORMA",IF(BO7="22,5 a 32,5",5,IF(BO7="33 a 43",6,"")))))))) -> 4 | BQ7: 8 | BR7: =IF(BQ7="","",IF(AND(BQ7>=-20,BQ7<=-15),"-20 a -15",IF(AND(BQ7>=-14.5,BQ7<=-9.5),"-14,5 a -9,5",IF(AND(BQ7>=-9,BQ7<=-4),"-9 a -4",IF(AND(BQ7>=-3.5,BQ7<=2.5),"-3,5 a 2,5",IF(AND(BQ7>=3,BQ7<=8),"3 a 8",IF(AND(BQ7>=8.5,BQ7<=13.5),"8,5 a 13,5",IF(AND(BQ7>=14,BQ7<=17.5),"14 a 17,5",IF(BQ7=18,"18",IF(AND(BQ7>=18.5,BQ7<=23.5),"18,5 a 23,5",IF(AND(BQ7>=24,BQ7<=29),"24 a 29",IF(AND(BQ7>=29.5,BQ7<=34.5),"29,5 a 34,5",IF(AND(BQ7>=35,BQ7<=40),"35 a 40","Fuera de rango"))))))))))))) -> 3 a 8 | BS7: =IF(BR7="","",IF(BR7="-20 a -15",1,IF(BR7="-14,5 a -9,5",2,IF(BR7="-9 a -4",3,IF(BR7="-3,5 a 2,5",4,IF(BR7="3 a 8",5,IF(BR7="8,5 a 13,5",6,IF(BR7="14 a 17,5",7,IF(BR7="18","NORMA",IF(BR7="18,5 a 23,5",8,IF(BR7="24 a 29",9,IF(BR7="29,5 a 34,5",10,IF(BR7="35 a 40",11,""))))))))))))) -> 5 | BT7: 0 | BU7: =IF(BT7="","",IF(AND(BT7>=-20,BT7<=-18),"-20 a -18",IF(AND(BT7>=-17.5,BT7<=-15.5),"-17,5 a -15,5",IF(AND(BT7>=-15,BT7<=-13),"-15 a -13",IF(AND(BT7>=-12.5,BT7<=-10.5),"-12,5 a -10,5",IF(AND(BT7>=-10,BT7<=-8),"-10 a -8",IF(AND(BT7>=-7.5,BT7<=-5.5),"-7,5 a -5,5",IF(AND(BT7>=-5,BT7<=-3),"-5 a -3",IF(AND(BT7>=-2.5,BT7<=-0.5),"-2,5 a -0,5",IF(BT7=0,"0",IF(AND(BT7>=0.5,BT7<=2.5),"0,5 a 2,5",IF(AND(BT7>=3,BT7<=5),"3 a 5",IF(AND(BT7>=5.5,BT7<=7.5),"5,5 a 7,5",IF(AND(BT7>=8,BT7<=10),"8 a 10",IF(AND(BT7>=10.5,BT7<=12.5),"10,5 a 12,5",IF(AND(BT7>=13,BT7<=15),"13 a 15",IF(AND(BT7>=15.5,BT7<=17.5),"15,5 a 17,5",IF(AND(BT7>=18,BT7<=20),"18 a 20","Fuera de rango")))))))))))))))))) -> 0 | BV7: =IF(BT7="","",IF(BT7=0,"NORMA",IF(AND(BT7>=-20,BT7<=-18),2,IF(AND(BT7>=-17.5,BT7<=-15.5),2,IF(AND(BT7>=-15,BT7<=-13),3,IF(AND(BT7>=-12.5,BT7<=-10.5),4,IF(AND(BT7>=-10,BT7<=-8),5,IF(AND(BT7>=-7.5,BT7<=-5.5),6,IF(AND(BT7>=-5,BT7<=-3),7,IF(AND(BT7>=-2.5,BT7<=-0.5),8,IF(AND(BT7>=0.5,BT7<=2.5),9,IF(AND(BT7>=3,BT7<=5),10,IF(AND(BT7>=5.5,BT7<=7.5),11,IF(AND(BT7>=8,BT7<=10),12,IF(AND(BT7>=10.5,BT7<=12.5),13,IF(AND(BT7>=13,BT7<=15),14,IF(AND(BT7>=15.5,BT7<=17.5),15,IF(AND(BT7>=18,BT7<=20),16,"Fuera de rango")))))))))))))))))) -> NORMA | BW7: -3.25 | BX7: =18.5- (0.3*H7) -> -0.1 | BY7: =(BW7)-(BX7) -> -3.15 | BZ7: =IF(BY7="","",IF(BY7<-27.5,"De -30 a -28",IF(BY7<-25,"De -27,5 a -25,5",IF(BY7<-22.5,"De -25 a -23",IF(BY7<-20,"De -22,5 a -20,5",IF(BY7<-17.5,"De -20 a -18",IF(BY7<-15,"De -17,5 a -15,5",IF(BY7<-12.5,"De -15 a -13",IF(BY7<-10,"De -12,5 a -10,5",IF(BY7<-7.5,"De -10 a -8",IF(BY7<-5,"De -7,5 a -5,5",IF(BY7<-2.5,"De -5 a -3",IF(BY7<0,"De -2,5 a -0,5",IF(BY7<2.5,"De 0 a 2",IF(BY7<5,"De 2,5 a 4,5",IF(BY7<7.5,"De 5 a 7",IF(BY7<10,"De 7,5 a 9,5",IF(BY7<12.5,"De 10 a 12",IF(BY7<15,"De 12,5 a 14,5",IF(BY7<17.5,"De 15 a 17",IF(BY7<20,"De 17,5 a 19,5",IF(BY7<22.5,"De 20 a 22",IF(BY7<25,"De 22,5 a 24,5",IF(BY7<27.5,"De 25 a 27","De 27,5 a 30")))))))))))))))))))))))) -> De -5 a -3 | CA7: =IF(BY7="","",IF(BY7<=-28,1,IF(BY7<=-25.5,2,IF(BY7<=-23,3,IF(BY7<=-20.5,4,IF(BY7<=-18,5,IF(BY7<=-15.5,6,IF(BY7<=-13,7,IF(BY7<=-10.5,8,IF(BY7<=-8,9,IF(BY7<=-5.5,10,IF(BY7<=-3,11,IF(BY7<=-0.5,12,IF(BY7<=2,13,IF(BY7<=4.5,14,IF(BY7<=7,15,IF(BY7<=9.5,16,IF(BY7<=12,17,IF(BY7<=14.5,18,IF(BY7<=17,19,IF(BY7<=19.5,20,IF(BY7<=22,21,IF(BY7<=24.5,22,IF(BY7<=27,23,IF(BY7<=30,24,"Fuera de rango"))))))))))))))))))))))))) -> 11 | CB7: -3.25 | CC7: =18.5- (0.3*H7) -> -0.1 | CD7: =(CB7)-(CC7) -> -3.15 | CE7: =IF(CD7="","",IF(CD7<-27.5,"De -30 a -28",IF(CD7<-25,"De -27,5 a -25,5",IF(CD7<-22.5,"De -25 a -23",IF(CD7<-20,"De -22,5 a -20,5",IF(CD7<-17.5,"De -20 a -18",IF(CD7<-15,"De -17,5 a -15,5",IF(CD7<-12.5,"De -15 a -13",IF(CD7<-10,"De -12,5 a -10,5",IF(CD7<-7.5,"De -10 a -8",IF(CD7<-5,"De -7,5 a -5,5",IF(CD7<-2.5,"De -5 a -3",IF(CD7<0,"De -2,5 a -0,5",IF(CD7<=2,"De 0 a 2",IF(CD7<=4.5,"De 2,5 a 4,5",IF(CD7<=7,"De 5 a 7",IF(CD7<=9.5,"De 7,5 a 9,5",IF(CD7<=12,"De 10 a 12",IF(CD7<=14.5,"De 12,5 a 14,5",IF(CD7<=17,"De 15 a 17",IF(CD7<=19.5,"De 17,5 a 19,5",IF(CD7<=22,"De 20 a 22",IF(CD7<=24.5,"De 22,5 a 24,5",IF(CD7<=27,"De 25 a 27","De 27,5 a 30")))))))))))))))))))))))) -> De -5 a -3 | CF7: =IF(CD7="","",IF(CD7<-27.5,1,IF(CD7<-25,2,IF(CD7<-22.5,3,IF(CD7<-20,4,IF(CD7<-17.5,5,IF(CD7<-15,6,IF(CD7<-12.5,7,IF(CD7<-10,8,IF(CD7<-7.5,9,IF(CD7<-5,10,IF(CD7<-2.5,11,IF(CD7<0,12,IF(CD7<2.5,13,IF(CD7<5,14,IF(CD7<7.5,15,IF(CD7<10,16,IF(CD7<12.5,17,IF(CD7<15,18,IF(CD7<17.5,19,IF(CD7<20,20,IF(CD7<22.5,21,IF(CD7<25,22,IF(CD7<27.5,23,24)))))))))))))))))))))))) -> 11 | CG7: -1.25 | CH7: =IF(CG7="","",IF(AND(CG7>=-10,CG7<=-9.5),"-10 a -9,5",IF(AND(CG7>-9.5,CG7<=-8.5),"-9 a -8,5",IF(AND(CG7>-8.5,CG7<=-7.5),"-8 a -7,5",IF(AND(CG7>-7.5,CG7<=-6.5),"-7 a -6,5",IF(AND(CG7>-6.5,CG7<=-5.5),"-6 a -5,5",IF(AND(CG7>-5.5,CG7<=-4.5),"-5 a -4,5",IF(AND(CG7>-4.5,CG7<=-3.5),"-4 a -3,5",IF(AND(CG7>-3.5,CG7<=-2.5),"-3 a -2,5",IF(CG7=-2.25,"-2,25",IF(AND(CG7>-2.5,CG7<=-1.5),"-2 a -1,5",IF(AND(CG7>-1.5,CG7<=-0.5),"-1 a -0,5",IF(AND(CG7>-0.5,CG7<=0.5),"0 a 0,5",IF(AND(CG7>0.5,CG7<=1.5),"1 a 1,5",IF(AND(CG7>1.5,CG7<=2.5),"2 a 2,5",IF(AND(CG7>2.5,CG7<=3.5),"3 a 3,5",IF(AND(CG7>3.5,CG7<=4.5),"4 a 4,5",IF(AND(CG7>4.5,CG7<=5.5),"5 a 5,5",IF(AND(CG7>5.5,CG7<=6.5),"6 a 6,5",IF(AND(CG7>6.5,CG7<=7.5),"7 a 7,5",IF(AND(CG7>7.5,CG7<=8.5),"8 a 8,5",IF(AND(CG7>8.5,CG7<=9.5),"9 a 9,5",IF(CG7>=10,"10","Fuera de rango"))))))))))))))))))))))) -> -1 a -0,5 | CI7: =IF(CG7="","",IF(CG7=-2.25,"NORMA",IF(CG7<=-9.5,1,IF(CG7<=-8.5,2,IF(CG7<=-7.5,3,IF(CG7<=-6.5,4,IF(CG7<=-5.5,5,IF(CG7<=-4.5,6,IF(CG7<=-3.5,7,IF(CG7<=-2.5,8,IF(CG7<=-1.5,9,IF(CG7<=-0.5,10,IF(CG7<=0.5,11,IF(CG7<=1.5,12,IF(CG7<=2.5,13,IF(CG7<=3.5,14,IF(CG7<=4.5,15,IF(CG7<=5.5,16,IF(CG7<=6.5,17,IF(CG7<=7.5,18,IF(CG7<=8.5,19,IF(CG7<=9.5,20,IF(CG7=10,21,"Fuera de rango"))))))))))))))))))))))) -> 10 | CJ7: 1.25 | CK7: =IF(CJ7="","",IF(AND(CJ7>=-6,CJ7<=-5.5),"-6 a -5,5",IF(AND(CJ7>-5.5,CJ7<=-4.5),"-5 a -4,5",IF(AND(CJ7>-4.5,CJ7<=-3.5),"-4 a -3,5",IF(AND(CJ7>-3.5,CJ7<=-2.5),"-3 a -2,5",IF(AND(CJ7>-2.5,CJ7<=-1.5),"-2 a -1,5",IF(AND(CJ7>-1.5,CJ7<=-0.5),"-1 a -0,5",IF(AND(CJ7>-0.5,CJ7<=0.5),"0 a 0,5",IF(AND(CJ7>0.5,CJ7<=1.5),"1 a 1,5",IF(AND(CJ7>1.5,CJ7<2.5),"2",IF(AND(CJ7>=2.5,CJ7<=3),"2,5 a 3",IF(AND(CJ7>3,CJ7<=4),"3,5 a 4",IF(AND(CJ7>4,CJ7<=5),"4,5 a 5",IF(AND(CJ7>5,CJ7<=6),"5,5 a 6",IF(AND(CJ7>6,CJ7<=7),"6,5 a 7",IF(AND(CJ7>7,CJ7<=8),"7,5 a 8",IF(AND(CJ7>8,CJ7<=9.5),"8,5 a 9,5",IF(CJ7=10,"10","Fuera de rango")))))))))))))))))) -> 1 a 1,5 | CL7: =IF(CK7="","",IF(OR(CK7="-6 a -5,5",CK7="-6 - -5,5"),1,IF(OR(CK7="-5 a -4,5",CK7="-5 - -4,5"),2,IF(OR(CK7="-4 a -3,5",CK7="-4 - -3,5"),3,IF(OR(CK7="-3 a -2,5",CK7="-3 - -2,5"),4,IF(OR(CK7="-2 a -1,5",CK7="-2 - -1,5"),5,IF(OR(CK7="-1 a -0,5",CK7="-1 - -0,5"),6,IF(OR(CK7="0 a 0,5",CK7="0 - 0,5"),7,IF(OR(CK7="1 a 1,5",CK7="1 - 1,5"),8,IF(CK7="2","NORMA",IF(OR(CK7="2,5 a 3",CK7="2,5 - 3"),9,IF(OR(CK7="3,5 a 4",CK7="3,5 - 4"),10,IF(OR(CK7="4,5 a 5",CK7="4,5 - 5"),11,IF(OR(CK7="5,5 a 6",CK7="5,5 - 6"),12,IF(OR(CK7="6,5 a 7",CK7="6,5 - 7"),13,IF(OR(CK7="7,5 a 8",CK7="7,5 - 8"),14,IF(OR(CK7="8,5 a 9",CK7="8,5 - 9,5",CK7="9 a 9,5"),15,IF(CK7="10",15,IF(OR(CK7="0,5 a 1",CK7="0,5 - 1"),7,"Fuera de rango"))))))))))))))))))) -> 8 | CM7: 0 | CN7: =IF(CM7=0,"0", " ") -> 0 | CO7: =IF(CM7>0,"EME"," ") | CP7: 0 | CQ7: =IF(CP7>0,"0", " ") | CR7: =IF(CP7>0,"EME"," ") | CS7: 0.25 | CT7: =IF(CS7>0,"1", " ") -> 1 | CU7: =IF(CS7>0,"HIP"," ") -> HIP | CV7: 1.25 | CW7: =IF(CV7>0,"1", " ") -> 1 | CX7: =IF(CV7>0,"HIP"," ") -> HIP | CY7: 0 | CZ7: =IF(CY7<0,"2"," ") | DA7: =IF(CY7<0,"MIO"," ") | DB7: 0 | DC7: =IF(DB7<0,"2"," ") | DD7: =IF(DB7<0,"MIO"," ") | DE7: 0 | DF7: =IF(DE7<0,"3"," ") | DG7: =IF(DE7<0,"AST"," ") | DH7: 0 | DI7: =IF(DH7<0,"3"," ") | DJ7: =IF(DH7<0,"AST"," ") | DK7: 2.75 | DL7: =IF(DK7>0,"4"," ") -> 4 | DM7: =IF(DK7>0,"PRE"," ") -> PRE | DN7: 2.75 | DO7: =IF(DN7>0,"4"," ") -> 4 | DP7: =IF(DN7>0,"PRE"," ") -> PRE | DQ7: 3 | DR7: 3 | DS7: =CONCATENATE(CO7,CU7,DA7,DG7,DM7) -> HIP PRE | DT7: {=_xlfn.IFS(DS7="EME ","0", DS7=" HIP ","1", DS7=" MIO ","2", DS7=" AST ","3", DS7=" PRE","4", DS7="EME PRE","5", DS7=" HIP PRE","6", DS7=" HIP AST ","7", DS7=" MIO PRE","8", DS7=" MIOAST ","9", DS7=" ASTPRE","10",DS7=" HIP ASTPRE","11", DS7=" MIOASTPRE","12", DS7=" ","0")} -> 6 | DU7: SI | DV7: {=_xlfn.IFS(DU7="SI","2", DU7="NO","1")} -> 2 | DW7: 1 | DX7: =IF(DW7=0,"1","2") -> 2 | DY7: {=_xlfn.IFS(DW7=0,"0", DW7=0.25, "1", DW7=0.5,"2", DW7=0.75,"3", DW7=1,"4",DW7=1.25,"5", DW7=1.5,"6", DW7=1.75,"7", DW7=2,"8")} -> 4 | DZ7: 1.5 | EA7: =IF(DZ7=0,"1","2") -> 2 | EB7: {=_xlfn.IFS(DZ7=0,"0", DZ7=0.25, "1", DZ7=0.5,"2", DZ7=0.75,"3", DZ7=1,"4",DZ7=1.25,"5", DZ7=1.5,"6", DZ7=1.75,"7", DZ7=2,"8")} -> 6 | EC7: 0 | ED7: =IF(EC7=0,"1","2") -> 1 | EE7: {=_xlfn.IFS(EC7=0,"0", EC7=-0.25, "1", EC7=-0.5,"2", EC7=-0.75,"3", EC7=-1,"4",EC7=-1.25,"5", EC7=-1.5,"6", EC7=-1.75,"7", EC7=-2,"8", EC7=-2.25,"9",EC7=-2.5,"10", EC7=-2.75,"11", EC7=-3,"12", EC7=-3.25,"13", EC7=-3.5,"14", EC7=-3.75,"15",EC7=-4,"16")} -> 0 | EF7: 0 | EG7: =IF(EF7=0,"1","2") -> 1 | EH7: {=_xlfn.IFS(EF7=0,"0", EF7=-0.25, "1", EF7=-0.5,"2", EF7=-0.75,"3", EF7=-1,"4",EF7=-1.25,"5", EF7=-1.5,"6", EF7=-1.75,"7", EF7=-2,"8", EF7=-2.25,"9",EF7=-2.5,"10", EF7=-2.75,"11", EF7=-3,"12", EF7=-3.25,"13", EF7=-3.5,"14", EF7=-3.75,"15",EF7=-4,"16")} -> 0 | EI7: 0 | EJ7: =IF(EI7=0,"1","2") -> 1 | EK7: {=_xlfn.IFS(EI7=0,"0", EI7=-0.25, "1", EI7=-0.5,"2", EI7=-0.75,"3", EI7=-1,"4",EI7=-1.25,"5", EI7=-1.5,"6", EI7=-1.75,"7", EI7=-2,"8", EI7=-2.25,"9", EI7=-2.25,"9",EI7=-2.5,"10", EI7=-2.75,"11", EI7=-3,"12", EI7=-3.25,"13", EI7=-3.5,"14", EI7=-3.75,"15",EI7=-4,"16", EI7=0.25, "17", EI7=0.5, "18")} -> 0 | EL7: 0 | EM7: =IF(EL7=0,"1","2") -> 1 | EN7: {=_xlfn.IFS(EL7=0.25,"17",EL7=0.5,"18", EL7=0,"0", EL7=-0.25, "1", EL7=-0.5,"2", EL7=-0.75,"3", EL7=-1,"4",EL7=-1.25,"5", EL7=-1.5,"6", EL7=-1.75,"7", EL7=-2,"8",EL7= -2.25,"9",EL7=-2.5,"10",EL7= -2.75,"11",EL7= -3,"12",EL7= -3.25,"13",EL7= -3.5,"14",EL7= -3.75,"15",EL7=-4,"16")} -> 0 | EO7: 0.5 | EP7: =IF(EO7=0,"1","2") -> 2 | EQ7: {=_xlfn.IFS(EO7=0,"0", EO7=0.25, "1", EO7=0.5,"2", EO7=0.75,"3", EO7=1,"4",EO7=1.25,"5", EO7=1.5,"6", EO7=1.75,"7", EO7=2,"8", EO7=2.25,"9", EO7=2.25,"9",EO7=2.5,"10", EO7=2.75,"11", EO7=3,"12", EO7=3.25,"13", EO7=3.5,"14", EO7=3.75,"15",EO7=4,"16", EO7=-0.25, "17", bq=-0.5, "18")} -> 2 | ER7: 0.5 | ES7: =IF(ER7=0,"1","2") -> 2 | ET7: {=_xlfn.IFS(ER7=0,"0", ER7=0.25, "1", ER7=0.5,"2", ER7=0.75,"3", ER7=1,"4",ER7=1.25,"5", ER7=1.5,"6", ER7=1.75,"7", ER7=2,"8", ER7=2.25,"9", ER7=2.25,"9",ER7=2.5,"10", ER7=2.75,"11", ER7=3,"12", ER7=3.25,"13", ER7=3.5,"14", ER7=3.75,"15",ER7=4,"16", ER7=-0.25, "17", bq=-0.5, "18")} -> 2 | EU7: 120 | EV7: =VLOOKUP(EU7,LEYENDA!$G$2:$H$8,2,TRUE()) -> 49-60 | EW7: {=_xlfn.IFS(EV7="0-5","1", EV7="6-12","2", EV7="13-18","3", EV7="19-24","4", EV7="25-36","5", EV7="37-48","6", EV7="49-60","7")} -> 7
A8: 3 | B8: 1 | C8: 37258 | E8: =VLOOKUP(A8,'286'!$A$3:$J$600,10,FALSE()) -> ACEÑA RINCÓN, MIRIAM | F8: =VLOOKUP(A8,'286'!$A$3:$I$1768,3,FALSE()) -> ARINMI | G8: =VLOOKUP(A8,'286'!$A$3:$I$1768,4,FALSE()) -> 34696 | H8: =YEAR(C8)-YEAR(G8) -> 8 | I8: =VLOOKUP(H8,LEYENDA!$C$2:$D$6,2,TRUE()) -> 0-12 | J8: =VLOOKUP(A8,'286'!$A$3:$I$1768,7,FALSE()) -> M | K8: =VLOOKUP(A8,'286'!$A$3:$I$1768,2,FALSE()) -> OD | L8: =VLOOKUP(A8,'286'!$A$3:$I$1768,8,FALSE()) -> D | M8: =VLOOKUP(A8,'286'!$A$3:$I$1768,9,FALSE()) -> I | N8: =IF(R8=O8, "MISMA","CONTRARIA") -> CONTRARIA | O8: {=_xlfn.IFS(L8="D","1", L8="I","2")} -> 1 | P8: {=_xlfn.IFS(K8="OD","1", K8="OI","2")} -> 1 | Q8: {=_xlfn.IFS(J8="M","1", J8="H","2")} -> 1 | R8: {=_xlfn.IFS(M8="D","1", M8="I","2")} -> 2 | S8: {=_xlfn.IFS(N8="CONTRARIA", "1",N8= "MISMA","2")} -> 1 | T8: {=_xlfn.IFS(I8="0-12","1", I8="13-24","2", I8="25-40","3", I8="41-60","4", I8="61-100","5")} -> 1 | U8: 0 | V8: =IF(U8="","",IF(AND(U8>=-9,U8<=-6.5),"-9 a -6,5",IF(AND(U8>=-6,U8<=-3.5),"-6 a -3,5",IF(AND(U8>=-3,U8<=-1),"-3 a -1",IF(U8=-0.5,"-0,5",IF(AND(U8>=0,U8<=2.5),"0 a 2,5",IF(AND(U8>=3,U8<=5.5),"3 a 5,5",IF(AND(U8>=6,U8<=8.5),"6 a 8,5",IF(AND(U8>=9,U8<=20),"9 a 20","Fuera de rango"))))))))) -> 0 a 2,5 | W8: =IF(V8="","",IF(V8="-9 a -6,5",2,IF(V8="-6 a -3,5",3,IF(V8="-3 a -1",4,IF(V8="-0,5","NORMA",IF(V8="0 a 2,5",5,IF(V8="3 a 5,5",6,IF(V8="6 a 8,5",7,IF(V8="9 a 20",8,"Fuera de rango"))))))))) -> 5 | X8: 0 | Y8: =IF(X8="","",IF(AND(X8>=0,X8<=4),"0 a 4",IF(AND(X8>=4.5,X8<=8.5),"4,5 a 8,5",IF(X8=9,"9",IF(AND(X8>=9.5,X8<=13),"9,5 a 13",IF(AND(X8>=13.5,X8<=20),"13,5 a 20",IF(AND(X8>=20.5,X8<=35),"20,5 a 35","Fuera de rango"))))))) -> 0 a 4 | Z8: =IF(Y8="","",IF(Y8="0 a 4",1,IF(Y8="4,5 a 8,5",2,IF(Y8="9","NORMA",IF(Y8="9,5 a 13",3,IF(Y8="13,5 a 20",4,IF(Y8="20,5 a 35",5,"Fuera de rango"))))))) -> 1 | AA8: 14 | AB8: =IF(AA8="","",IF(AND(AA8>=0,AA8<=9),"0 a 9",IF(AND(AA8>=9.5,AA8<=18.5),"9,5 a 18,5",IF(AA8=19,"19",IF(AND(AA8>=19.5,AA8<=28),"19,5 a 28",IF(AND(AA8>=28.5,AA8<=40),"28,5 a 40","Fuera de rango")))))) -> 9,5 a 18,5 | AC8: {=_xlfn.IFS(AB8="","",AB8="0 a 9",1,AB8="9,5 a 18,5",2,AB8="19","NORMA",AB8="19,5 a 28",3,AB8="28,5 a 40",4,TRUE(),"Fuera de rango")} -> 2 | AD8: 2 | AE8: =IF(AD8="","",IF(AND(AD8>=-10,AD8<=0),"De -10 a 0",IF(AND(AD8>=0.5,AD8<=9.5),"0,5 a 9,5",IF(AD8=10,"10",IF(AND(AD8>=10.5,AD8<=20),"10,5 a 20",IF(AND(AD8>=20.5,AD8<=40),"20,5 a 40","Fuera de rango")))))) -> 0,5 a 9,5 | AF8: =IF(AD8="","",IF(AND(AD8>=-10,AD8<=0),1,IF(AND(AD8>=0.5,AD8<=9.5),2,IF(AD8=10,"NORMA",IF(AND(AD8>=10.5,AD8<=20),3,IF(AND(AD8>=20.5,AD8<=40),4,"")))))) -> 2 | AH8: =IF(AG8="","",IF(AND(AG8>=0,AG8<=4),"0 a 4",IF(AND(AG8>=4.5,AG8<=8.5),"4,5 a 8,5",IF(AG8=9,"9",IF(AND(AG8>=9.5,AG8<=13),"9,5 a 13",IF(AND(AG8>=13.5,AG8<=25),"13,5 a 25","Fuera de rango")))))) | AI8: =IF(AH8="","",IF(AH8="0 a 4",1,IF(AH8="4,5 a 8,5",2,IF(AH8="9","NORMA",IF(AH8="9,5 a 13",3,IF(AH8="13,5 a 25",4,"")))))) | AJ8: 2 | AK8: =IF(AJ8="","",IF(AND(AJ8>=-15,AJ8<=-10.5),"-15 a -10,5",IF(AND(AJ8>=-10,AJ8<=-4),"-10 a -4",IF(AND(AJ8>=-4.5,AJ8<=0),"-4,5 a 0",IF(AND(AJ8>=0.5,AJ8<=4.5),"0,5 a 4,5",IF(AJ8=5,"5",IF(AND(AJ8>=5.5,AJ8<=10),"5,5 a 10",IF(AND(AJ8>=10.5,AJ8<=20),"10,5 a 20","Fuera de rango")))))))) -> 0,5 a 4,5 | AL8: =IF(AK8="","",IF(AK8="-15 a -10,5",1,IF(AK8="-10 a -4",2,IF(AK8="-4,5 a 0",3,IF(AK8="0,5 a 4,5",4,IF(AK8="5","NORMA",IF(AK8="5,5 a 10",5,IF(AK8="10,5 a 20",6,"Error")))))))) -> 4 | AM8: 0 | AN8: =IF(AM8="","",IF(AND(AM8>=-7.5,AM8<=-5.5),"-7,5 a -5,5",IF(AND(AM8>=-5,AM8<=-3),"-5 a -3",IF(AND(AM8>=-2.5,AM8<=-0.5),"-2,5 a -0,5",IF(AM8=0,"0,00",IF(AND(AM8>=0.5,AM8<=2.5),"0,5 a 2,5",IF(AND(AM8>=3,AM8<=5),"3 a 5",IF(AND(AM8>=5.5,AM8<=7.5),"5,5 a 7,5",IF(AND(AM8>=8,AM8<=10),"8 a 10","Fuera de rango"))))))))) -> 0,00 | AO8: =IF(AN8="","",IF(AN8="-7,5 a -5,5",1,IF(AN8="-5 a -3",2,IF(AN8="-2,5 a -0,5",3,IF(AN8="0,00","NORMA",IF(AN8="0,5 a 2,5",4,IF(AN8="3 a 5",5,IF(AN8="5,5 a 7,5",6,IF(AN8="8 a 10",7,"Error"))))))))) -> NORMA | AP8: -7 | AQ8: =IF(AP8="","",IF(AND(AP8>=-20,AP8<=-9.5),"-20 a -9,5",IF(AND(AP8>=-9,AP8<=-6.5),"-9 a -6,5",IF(AP8=-6,"-6",IF(AND(AP8>=-5.5,AP8<=-3),"-5,5 a -3",IF(AND(AP8>=-2.5,AP8<=0),"-2,5 a 0",IF(AND(AP8>=0.5,AP8<=3),"0,5 a 3",IF(AND(AP8>=3.5,AP8<=6),"3,5 a 6",IF(AND(AP8>=6.5,AP8<=9),"6,5 a 9",IF(AND(AP8>=9.5,AP8<=20),"9,5 a 20","Fuera de rango")))))))))) -> -9 a -6,5 | AR8: =IF(AQ8="","",IF(AQ8="-20 a -9,5",1,IF(AQ8="-9 a -6,5",2,IF(AQ8="-6","NORMA",IF(AQ8="-5,5 a -3",3,IF(AQ8="-2,5 a 0",4,IF(AQ8="0,5 a 3",5,IF(AQ8="3,5 a 6",6,IF(AQ8="6,5 a 9",7,IF(AQ8="9,5 a 20",8,"")))))))))) -> 2 | AS8: 0 | AT8: =IF(AS8="","",IF(AND(AS8>=-16,AS8<=-14),"-16 a -14",IF(AND(AS8>=-13.5,AS8<=-11.5),"-13,5 a -11,5",IF(AND(AS8>=-11,AS8<=-9),"-11 a -9",IF(AND(AS8>=-8.5,AS8<=-6.5),"-8,5 a -6,5",IF(AND(AS8>=-6,AS8<=-4),"-6 a -4",IF(AND(AS8>=-3.5,AS8<=-1.5),"-3,5 a -1,5",IF(AND(AS8>=-1,AS8<=1),"-1 a 1",IF(AND(AS8>=1.5,AS8<=3.5),"1,5 a 3,5",IF(AND(AS8>=4,AS8<=6),"4 a 6",IF(AND(AS8>=6.5,AS8<=8.5),"6,5 a 8,5",IF(AND(AS8>=9,AS8<=11),"9 a 11",IF(AND(AS8>=11.5,AS8<=13.5),"11,5 a 13,5",IF(AND(AS8>=14,AS8<=16),"14 a 16",IF(AND(AS8>=16.5,AS8<=18.5),"16,5 a 18,5",IF(AND(AS8>=19,AS8<=21),"19 a 21","Fuera de rango")))))))))))))))) -> -1 a 1 | AU8: {=IF(AT8="","",_xlfn.IFS(AT8="-16 a -14",1,AT8="-13,5 a -11,5",2,AT8="-11 a -9",3,AT8="-8,5 a -6,5",4,AT8="-6 a -4",5,AT8="-3,5 a -1,5",6,AT8="-1 a 1",7,AT8="1,5 a 3,5",8,AT8="4 a 6","NORMA",AT8="6,5 a 8,5",9,AT8="9 a 11",10,AT8="11,5 a 13,5",11,AT8="14 a 16",12,AT8="16,5 a 18,5",13,AT8="19 a 21",14,TRUE(),""))} -> 7 | AV8: 0.75 | AW8: =IF(AV8="","",IF(AND(AV8>=-1,AV8<=-0.5),"-1 a -0,5",IF(AND(AV8>-0.5,AV8<=0),"De -0,5 a 0",IF(AND(AV8>=0.25,AV8<=0.75),"0,25 a 0,75",IF(AND(AV8>=1,AV8<=1.5),"1 a 1,5",IF(AND(AV8>=1.75,AV8<=2.25),"1,75 a 2,25",IF(AND(AV8>=2.5,AV8<=3),"2,5 a 3",IF(AND(AV8>=3.25,AV8<=3.75),"3,25 a 3,75","Fuera de rango")))))))) -> 0,25 a 0,75 | AX8: =IF(AW8="","",IF(OR(AW8="-1 a -0,5",AW8="-1 a -0.5"),1,IF(OR(AW8="De -0,5 a 0",AW8="-0,5 a 0",AW8="De -0.5 a 0"),2,IF(OR(AW8="0,25 a 0,75",AW8="0.25 a 0.75"),"NORMA",IF(OR(AW8="1 a 1,5",AW8="1 a 1.5"),3,IF(OR(AW8="1,75 a 2,25",AW8="1.75 a 2.25"),4,IF(OR(AW8="2,5 a 3",AW8="2.5 a 3"),5,IF(OR(AW8="3,25 a 3,75",AW8="3.25 a 3.75"),6,"")))))))) -> NORMA | AY8: -9 | AZ8: =IF(AY8="","",IF(AND(AY8>=-20,AY8<=-9.5),"-20 a -9,5",IF(AND(AY8>=-9,AY8<=-6.5),"-9 a -6,5",IF(AY8=-6,"-6",IF(AND(AY8>=-5.5,AY8<=-3),"-5,5 a -3",IF(AND(AY8>=-2.5,AY8<=0),"-2,5 a 0",IF(AND(AY8>=0.5,AY8<=3),"0,5 a 3",IF(AND(AY8>=3.5,AY8<=6),"3,5 a 6","Fuera de rango")))))))) -> -9 a -6,5 | BA8: =IF(AZ8="","",IF(AZ8="-20 a -9,5",1,IF(AZ8="-9 a -6,5",2,IF(AZ8="-6","NORMA",IF(AZ8="-5,5 a -3",3,IF(AZ8="-2,5 a 0",4,IF(AZ8="0,5 a 3",5,IF(AZ8="3,5 a 6",6,"")))))))) -> 2 | BB8: 0 | BC8: {=IF(BB8="","",_xlfn.IFS(AND(BB8>=0,BB8<=2),"0 a 2",AND(BB8>=2.5,BB8<=4.5),"2,5 a 4,5",AND(BB8>=5,BB8<=7),"5 a 7",AND(BB8>=7.5,BB8<=9.5),"7,5 a 9,5",AND(BB8>=10,BB8<=12),"10 a 12",AND(BB8>=12.5,BB8<=14.5),"12,5 a 14,5",BB8=15,"15",AND(BB8>=15.5,BB8<=17.5),"15,5 a 17,5",AND(BB8>=18,BB8<=20),"18 a 20",AND(BB8>=20.5,BB8<=22.5),"20,5 a 22,5",AND(BB8>=23,BB8<=25),"23 a 25",TRUE(),"Fuera de rango"))} -> 0 a 2 | BD8: {=IF(BC8="","",_xlfn.IFS(BC8="0 a 2",1,BC8="2,5 a 4,5",2,BC8="5 a 7",3,BC8="7,5 a 9,5",4,BC8="10 a 12",5,BC8="12,5 a 14,5",6,BC8="15","NORMA",BC8="15,5 a 17,5",7,BC8="18 a 20",8,BC8="20,5 a 22,5",9,BC8="23 a 25",10,TRUE(),"Fuera de rango"))} -> 1 | BE8: 21 | BF8: =IF(BE8="","",IF(AND(BE8>=-20,BE8<=-10),"-20 a -10",IF(AND(BE8>=-9.5,BE8<=0.5),"-9,5 a 0,5",IF(AND(BE8>=1,BE8<=11),"1 a 11",IF(AND(BE8>=11.5,BE8<=20.5),"11,5 a 20,5",IF(BE8=21,"21",IF(AND(BE8>=21.5,BE8<=31.5),"21,5 a 31,5",IF(AND(BE8>=32,BE8<=42),"32 a 42","Fuera de rango")))))))) -> 21 | BG8: =IF(BF8="","",IF(BF8="-20 a -10",1,IF(BF8="-9,5 a 0,5",2,IF(BF8="1 a 11",3,IF(BF8="11,5 a 20,5",4,IF(BF8="21","NORMA",IF(BF8="21,5 a 31,5",5,IF(BF8="32 a 42",6,"")))))))) -> NORMA | BH8: 1 | BI8: =IF(BH8="","",IF(AND(BH8>=-20,BH8<=-15),"-20 a -15",IF(AND(BH8>=-14.5,BH8<=-9.5),"-14,5 a -9,5",IF(AND(BH8>=-9,BH8<=-4),"-9 a -4",IF(AND(BH8>=-3.5,BH8<=2.5),"-3,5 a 2,5",IF(AND(BH8>=3,BH8<=8),"3 a 8",IF(AND(BH8>=8.5,BH8<=14.5),"8,5 a 14,5",IF(BH8=15,"15",IF(AND(BH8>=15.5,BH8<=20.5),"15,5 a 20,5",IF(AND(BH8>=21,BH8<=26),"21 a 26","Fuera de rango")))))))))) -> -3,5 a 2,5 | BJ8: =IF(BI8="","",IF(BI8="-20 a -15",1,IF(BI8="-14,5 a -9,5",2,IF(BI8="-9 a -4",3,IF(BI8="-3,5 a 2,5",4,IF(BI8="3 a 8",5,IF(BI8="8,5 a 14,5",6,IF(BI8="15","NORMA",IF(BI8="15,5 a 20,5",7,IF(BI8="21 a 26",8,IF(BI8="26,5 a 31,5",9,""))))))))))) -> 4 | BK8: 0 | BL8: =IF(BK8="","",IF(AND(BK8>=0,BK8<=2),"0 - 2",IF(AND(BK8>=2.5,BK8<=4.5),"2,5 - 4,5",IF(AND(BK8>=5,BK8<=7),"5 - 7",IF(AND(BK8>=7.5,BK8<=9.5),"7,5 - 9,5",IF(AND(BK8>=10,BK8<=12),"10 - 12",IF(AND(BK8>=12.5,BK8<=13.5),"12,5 - 13,5",IF(BK8=14,"14",IF(AND(BK8>=14.5,BK8<=16.5),"14,5 - 16,5",IF(AND(BK8>=17,BK8<=19),"17 - 19",IF(AND(BK8>=19.5,BK8<=21.5),"19,5 - 21,5",IF(AND(BK8>=22,BK8<=24),"22 - 24",IF(AND(BK8>=24.5,BK8<=26.5),"24,5 - 26,5",IF(AND(BK8>=27,BK8<=29),"27 - 29",IF(AND(BK8>=29.5,BK8<=30),"29,5 - 30","Fuera de rango"))))))))))))))) -> 0 - 2 | BM8: =IF(BL8="","",IF(BL8="0 - 2",1,IF(BL8="2,5 - 4,5",2,IF(BL8="5 - 7",3,IF(BL8="7,5 - 9,5",4,IF(BL8="10 - 12",5,IF(BL8="12,5 - 13,5",6,IF(BL8="14","NORMA",IF(BL8="14,5 - 16,5",7,IF(BL8="17 - 19",8,IF(BL8="19,5 - 21,5",9,IF(BL8="22 - 24",10,IF(BL8="24,5 - 26,5",11,IF(BL8="27 - 29",12,IF(BL8="29,5 - 30",13,""))))))))))))))) -> 1 | BN8: 21 | BO8: =IF(BN8="","",IF(AND(BN8>=-20,BN8<=-10),"-20 a -10",IF(AND(BN8>=-9.5,BN8<=0.5),"-9,5 a 0,5",IF(AND(BN8>=1,BN8<=11),"1 a 11",IF(AND(BN8>=11.5,BN8<=21.5),"11,5 a 21,5",IF(BN8=22,"22",IF(AND(BN8>=22.5,BN8<=32.5),"22,5 a 32,5",IF(AND(BN8>=33,BN8<=43),"33 a 43","Fuera de rango")))))))) -> 11,5 a 21,5 | BP8: =IF(BO8="","",IF(BO8="-20 a -10",1,IF(BO8="-9,5 a 0,5",2,IF(BO8="1 a 11",3,IF(BO8="11,5 a 21,5",4,IF(BO8="22","NORMA",IF(BO8="22,5 a 32,5",5,IF(BO8="33 a 43",6,"")))))))) -> 4 | BQ8: 14 | BR8: =IF(BQ8="","",IF(AND(BQ8>=-20,BQ8<=-15),"-20 a -15",IF(AND(BQ8>=-14.5,BQ8<=-9.5),"-14,5 a -9,5",IF(AND(BQ8>=-9,BQ8<=-4),"-9 a -4",IF(AND(BQ8>=-3.5,BQ8<=2.5),"-3,5 a 2,5",IF(AND(BQ8>=3,BQ8<=8),"3 a 8",IF(AND(BQ8>=8.5,BQ8<=13.5),"8,5 a 13,5",IF(AND(BQ8>=14,BQ8<=17.5),"14 a 17,5",IF(BQ8=18,"18",IF(AND(BQ8>=18.5,BQ8<=23.5),"18,5 a 23,5",IF(AND(BQ8>=24,BQ8<=29),"24 a 29",IF(AND(BQ8>=29.5,BQ8<=34.5),"29,5 a 34,5",IF(AND(BQ8>=35,BQ8<=40),"35 a 40","Fuera de rango"))))))))))))) -> 14 a 17,5 | BS8: =IF(BR8="","",IF(BR8="-20 a -15",1,IF(BR8="-14,5 a -9,5",2,IF(BR8="-9 a -4",3,IF(BR8="-3,5 a 2,5",4,IF(BR8="3 a 8",5,IF(BR8="8,5 a 13,5",6,IF(BR8="14 a 17,5",7,IF(BR8="18","NORMA",IF(BR8="18,5 a 23,5",8,IF(BR8="24 a 29",9,IF(BR8="29,5 a 34,5",10,IF(BR8="35 a 40",11,""))))))))))))) -> 7 | BT8: 0 | BU8: =IF(BT8="","",IF(AND(BT8>=-20,BT8<=-18),"-20 a -18",IF(AND(BT8>=-17.5,BT8<=-15.5),"-17,5 a -15,5",IF(AND(BT8>=-15,BT8<=-13),"-15 a -13",IF(AND(BT8>=-12.5,BT8<=-10.5),"-12,5 a -10,5",IF(AND(BT8>=-10,BT8<=-8),"-10 a -8",IF(AND(BT8>=-7.5,BT8<=-5.5),"-7,5 a -5,5",IF(AND(BT8>=-5,BT8<=-3),"-5 a -3",IF(AND(BT8>=-2.5,BT8<=-0.5),"-2,5 a -0,5",IF(BT8=0,"0",IF(AND(BT8>=0.5,BT8<=2.5),"0,5 a 2,5",IF(AND(BT8>=3,BT8<=5),"3 a 5",IF(AND(BT8>=5.5,BT8<=7.5),"5,5 a 7,5",IF(AND(BT8>=8,BT8<=10),"8 a 10",IF(AND(BT8>=10.5,BT8<=12.5),"10,5 a 12,5",IF(AND(BT8>=13,BT8<=15),"13 a 15",IF(AND(BT8>=15.5,BT8<=17.5),"15,5 a 17,5",IF(AND(BT8>=18,BT8<=20),"18 a 20","Fuera de rango")))))))))))))))))) -> 0 | BV8: =IF(BT8="","",IF(BT8=0,"NORMA",IF(AND(BT8>=-20,BT8<=-18),2,IF(AND(BT8>=-17.5,BT8<=-15.5),2,IF(AND(BT8>=-15,BT8<=-13),3,IF(AND(BT8>=-12.5,BT8<=-10.5),4,IF(AND(BT8>=-10,BT8<=-8),5,IF(AND(BT8>=-7.5,BT8<=-5.5),6,IF(AND(BT8>=-5,BT8<=-3),7,IF(AND(BT8>=-2.5,BT8<=-0.5),8,IF(AND(BT8>=0.5,BT8<=2.5),9,IF(AND(BT8>=3,BT8<=5),10,IF(AND(BT8>=5.5,BT8<=7.5),11,IF(AND(BT8>=8,BT8<=10),12,IF(AND(BT8>=10.5,BT8<=12.5),13,IF(AND(BT8>=13,BT8<=15),14,IF(AND(BT8>=15.5,BT8<=17.5),15,IF(AND(BT8>=18,BT8<=20),16,"Fuera de rango")))))))))))))))))) -> NORMA | BW8: -4.5 | BX8: =18.5- (0.3*H8) -> 16.1 | BY8: =(BW8)-(BX8) -> -20.6 | BZ8: =IF(BY8="","",IF(BY8<-27.5,"De -30 a -28",IF(BY8<-25,"De -27,5 a -25,5",IF(BY8<-22.5,"De -25 a -23",IF(BY8<-20,"De -22,5 a -20,5",IF(BY8<-17.5,"De -20 a -18",IF(BY8<-15,"De -17,5 a -15,5",IF(BY8<-12.5,"De -15 a -13",IF(BY8<-10,"De -12,5 a -10,5",IF(BY8<-7.5,"De -10 a -8",IF(BY8<-5,"De -7,5 a -5,5",IF(BY8<-2.5,"De -5 a -3",IF(BY8<0,"De -2,5 a -0,5",IF(BY8<2.5,"De 0 a 2",IF(BY8<5,"De 2,5 a 4,5",IF(BY8<7.5,"De 5 a 7",IF(BY8<10,"De 7,5 a 9,5",IF(BY8<12.5,"De 10 a 12",IF(BY8<15,"De 12,5 a 14,5",IF(BY8<17.5,"De 15 a 17",IF(BY8<20,"De 17,5 a 19,5",IF(BY8<22.5,"De 20 a 22",IF(BY8<25,"De 22,5 a 24,5",IF(BY8<27.5,"De 25 a 27","De 27,5 a 30")))))))))))))))))))))))) -> De -22,5 a -20,5 | CA8: =IF(BY8="","",IF(BY8<=-28,1,IF(BY8<=-25.5,2,IF(BY8<=-23,3,IF(BY8<=-20.5,4,IF(BY8<=-18,5,IF(BY8<=-15.5,6,IF(BY8<=-13,7,IF(BY8<=-10.5,8,IF(BY8<=-8,9,IF(BY8<=-5.5,10,IF(BY8<=-3,11,IF(BY8<=-0.5,12,IF(BY8<=2,13,IF(BY8<=4.5,14,IF(BY8<=7,15,IF(BY8<=9.5,16,IF(BY8<=12,17,IF(BY8<=14.5,18,IF(BY8<=17,19,IF(BY8<=19.5,20,IF(BY8<=22,21,IF(BY8<=24.5,22,IF(BY8<=27,23,IF(BY8<=30,24,"Fuera de rango"))))))))))))))))))))))))) -> 4 | CB8: 0 | CC8: =18.5- (0.3*H8) -> 16.1 | CD8: =(CB8)-(CC8) -> -16.1 | CE8: =IF(CD8="","",IF(CD8<-27.5,"De -30 a -28",IF(CD8<-25,"De -27,5 a -25,5",IF(CD8<-22.5,"De -25 a -23",IF(CD8<-20,"De -22,5 a -20,5",IF(CD8<-17.5,"De -20 a -18",IF(CD8<-15,"De -17,5 a -15,5",IF(CD8<-12.5,"De -15 a -13",IF(CD8<-10,"De -12,5 a -10,5",IF(CD8<-7.5,"De -10 a -8",IF(CD8<-5,"De -7,5 a -5,5",IF(CD8<-2.5,"De -5 a -3",IF(CD8<0,"De -2,5 a -0,5",IF(CD8<=2,"De 0 a 2",IF(CD8<=4.5,"De 2,5 a 4,5",IF(CD8<=7,"De 5 a 7",IF(CD8<=9.5,"De 7,5 a 9,5",IF(CD8<=12,"De 10 a 12",IF(CD8<=14.5,"De 12,5 a 14,5",IF(CD8<=17,"De 15 a 17",IF(CD8<=19.5,"De 17,5 a 19,5",IF(CD8<=22,"De 20 a 22",IF(CD8<=24.5,"De 22,5 a 24,5",IF(CD8<=27,"De 25 a 27","De 27,5 a 30")))))))))))))))))))))))) -> De -17,5 a -15,5 | CF8: =IF(CD8="","",IF(CD8<-27.5,1,IF(CD8<-25,2,IF(CD8<-22.5,3,IF(CD8<-20,4,IF(CD8<-17.5,5,IF(CD8<-15,6,IF(CD8<-12.5,7,IF(CD8<-10,8,IF(CD8<-7.5,9,IF(CD8<-5,10,IF(CD8<-2.5,11,IF(CD8<0,12,IF(CD8<2.5,13,IF(CD8<5,14,IF(CD8<7.5,15,IF(CD8<10,16,IF(CD8<12.5,17,IF(CD8<15,18,IF(CD8<17.5,19,IF(CD8<20,20,IF(CD8<22.5,21,IF(CD8<25,22,IF(CD8<27.5,23,24)))))))))))))))))))))))) -> 6 | CG8: -2.5 | CH8: =IF(CG8="","",IF(AND(CG8>=-10,CG8<=-9.5),"-10 a -9,5",IF(AND(CG8>-9.5,CG8<=-8.5),"-9 a -8,5",IF(AND(CG8>-8.5,CG8<=-7.5),"-8 a -7,5",IF(AND(CG8>-7.5,CG8<=-6.5),"-7 a -6,5",IF(AND(CG8>-6.5,CG8<=-5.5),"-6 a -5,5",IF(AND(CG8>-5.5,CG8<=-4.5),"-5 a -4,5",IF(AND(CG8>-4.5,CG8<=-3.5),"-4 a -3,5",IF(AND(CG8>-3.5,CG8<=-2.5),"-3 a -2,5",IF(CG8=-2.25,"-2,25",IF(AND(CG8>-2.5,CG8<=-1.5),"-2 a -1,5",IF(AND(CG8>-1.5,CG8<=-0.5),"-1 a -0,5",IF(AND(CG8>-0.5,CG8<=0.5),"0 a 0,5",IF(AND(CG8>0.5,CG8<=1.5),"1 a 1,5",IF(AND(CG8>1.5,CG8<=2.5),"2 a 2,5",IF(AND(CG8>2.5,CG8<=3.5),"3 a 3,5",IF(AND(CG8>3.5,CG8<=4.5),"4 a 4,5",IF(AND(CG8>4.5,CG8<=5.5),"5 a 5,5",IF(AND(CG8>5.5,CG8<=6.5),"6 a 6,5",IF(AND(CG8>6.5,CG8<=7.5),"7 a 7,5",IF(AND(CG8>7.5,CG8<=8.5),"8 a 8,5",IF(AND(CG8>8.5,CG8<=9.5),"9 a 9,5",IF(CG8>=10,"10","Fuera de rango"))))))))))))))))))))))) -> -3 a -2,5 | CI8: =IF(CG8="","",IF(CG8=-2.25,"NORMA",IF(CG8<=-9.5,1,IF(CG8<=-8.5,2,IF(CG8<=-7.5,3,IF(CG8<=-6.5,4,IF(CG8<=-5.5,5,IF(CG8<=-4.5,6,IF(CG8<=-3.5,7,IF(CG8<=-2.5,8,IF(CG8<=-1.5,9,IF(CG8<=-0.5,10,IF(CG8<=0.5,11,IF(CG8<=1.5,12,IF(CG8<=2.5,13,IF(CG8<=3.5,14,IF(CG8<=4.5,15,IF(CG8<=5.5,16,IF(CG8<=6.5,17,IF(CG8<=7.5,18,IF(CG8<=8.5,19,IF(CG8<=9.5,20,IF(CG8=10,21,"Fuera de rango"))))))))))))))))))))))) -> 8 | CJ8: 2.5 | CK8: =IF(CJ8="","",IF(AND(CJ8>=-6,CJ8<=-5.5),"-6 a -5,5",IF(AND(CJ8>-5.5,CJ8<=-4.5),"-5 a -4,5",IF(AND(CJ8>-4.5,CJ8<=-3.5),"-4 a -3,5",IF(AND(CJ8>-3.5,CJ8<=-2.5),"-3 a -2,5",IF(AND(CJ8>-2.5,CJ8<=-1.5),"-2 a -1,5",IF(AND(CJ8>-1.5,CJ8<=-0.5),"-1 a -0,5",IF(AND(CJ8>-0.5,CJ8<=0.5),"0 a 0,5",IF(AND(CJ8>0.5,CJ8<=1.5),"1 a 1,5",IF(AND(CJ8>1.5,CJ8<2.5),"2",IF(AND(CJ8>=2.5,CJ8<=3),"2,5 a 3",IF(AND(CJ8>3,CJ8<=4),"3,5 a 4",IF(AND(CJ8>4,CJ8<=5),"4,5 a 5",IF(AND(CJ8>5,CJ8<=6),"5,5 a 6",IF(AND(CJ8>6,CJ8<=7),"6,5 a 7",IF(AND(CJ8>7,CJ8<=8),"7,5 a 8",IF(AND(CJ8>8,CJ8<=9.5),"8,5 a 9,5",IF(CJ8=10,"10","Fuera de rango")))))))))))))))))) -> 2,5 a 3 | CL8: =IF(CK8="","",IF(OR(CK8="-6 a -5,5",CK8="-6 - -5,5"),1,IF(OR(CK8="-5 a -4,5",CK8="-5 - -4,5"),2,IF(OR(CK8="-4 a -3,5",CK8="-4 - -3,5"),3,IF(OR(CK8="-3 a -2,5",CK8="-3 - -2,5"),4,IF(OR(CK8="-2 a -1,5",CK8="-2 - -1,5"),5,IF(OR(CK8="-1 a -0,5",CK8="-1 - -0,5"),6,IF(OR(CK8="0 a 0,5",CK8="0 - 0,5"),7,IF(OR(CK8="1 a 1,5",CK8="1 - 1,5"),8,IF(CK8="2","NORMA",IF(OR(CK8="2,5 a 3",CK8="2,5 - 3"),9,IF(OR(CK8="3,5 a 4",CK8="3,5 - 4"),10,IF(OR(CK8="4,5 a 5",CK8="4,5 - 5"),11,IF(OR(CK8="5,5 a 6",CK8="5,5 - 6"),12,IF(OR(CK8="6,5 a 7",CK8="6,5 - 7"),13,IF(OR(CK8="7,5 a 8",CK8="7,5 - 8"),14,IF(OR(CK8="8,5 a 9",CK8="8,5 - 9,5",CK8="9 a 9,5"),15,IF(CK8="10",15,IF(OR(CK8="0,5 a 1",CK8="0,5 - 1"),7,"Fuera de rango"))))))))))))))))))) -> 9 | CM8: 0 | CN8: =IF(CM8=0,"0", " ") -> 0 | CO8: =IF(CM8>0,"EME"," ") | CP8: 0 | CQ8: =IF(CP8>0,"0", " ") | CR8: =IF(CP8>0,"EME"," ") | CS8: 0 | CT8: =IF(CS8>0,"1", " ") | CU8: =IF(CS8>0,"HIP"," ") | CV8: 0 | CW8: =IF(CV8>0,"1", " ") | CX8: =IF(CV8>0,"HIP"," ") | CY8: 0 | CZ8: =IF(CY8<0,"2"," ") | DA8: =IF(CY8<0,"MIO"," ") | DB8: 0 | DC8: =IF(DB8<0,"2"," ") | DD8: =IF(DB8<0,"MIO"," ") | DE8: 0 | DF8: =IF(DE8<0,"3"," ") | DG8: =IF(DE8<0,"AST"," ") | DH8: 0 | DI8: =IF(DH8<0,"3"," ") | DJ8: =IF(DH8<0,"AST"," ") | DK8: 0 | DL8: =IF(DK8>0,"4"," ") | DM8: =IF(DK8>0,"PRE"," ") | DN8: 0 | DO8: =IF(DN8>0,"4"," ") | DP8: =IF(DN8>0,"PRE"," ") | DQ8: 0 | DR8: 0 | DS8: =CONCATENATE(CO8,CU8,DA8,DG8,DM8) | DT8: {=_xlfn.IFS(DS8="EME ","0", DS8=" HIP ","1", DS8=" MIO ","2", DS8=" AST ","3", DS8=" PRE","4", DS8="EME PRE","5", DS8=" HIP PRE","6", DS8=" HIP AST ","7", DS8=" MIO PRE","8", DS8=" MIOAST ","9", DS8=" ASTPRE","10",DS8=" HIP ASTPRE","11", DS8=" MIOASTPRE","12", DS8=" ","0")} -> 0 | DU8: SI | DV8: {=_xlfn.IFS(DU8="SI","2", DU8="NO","1")} -> 2 | DW8: 0 | DX8: =IF(DW8=0,"1","2") -> 1 | DY8: {=_xlfn.IFS(DW8=0,"0", DW8=0.25, "1", DW8=0.5,"2", DW8=0.75,"3", DW8=1,"4",DW8=1.25,"5", DW8=1.5,"6", DW8=1.75,"7", DW8=2,"8", DW8=2.25,"9",DW8=2.5,"10", DW8=2.75,"11", DW8=3,"12", DW8=3.25,"13", DW8=3.5,"14", DW8=3.75,"15",DW8=4,"16")} -> 0 | DZ8: 0 | EA8: =IF(DZ8=0,"1","2") -> 1 | EB8: {=_xlfn.IFS(DZ8=0,"0", DZ8=0.25, "1", DZ8=0.5,"2", DZ8=0.75,"3", DZ8=1,"4",DZ8=1.25,"5", DZ8=1.5,"6", DZ8=1.75,"7", DZ8=2,"8")} -> 0 | EC8: 0 | ED8: =IF(EC8=0,"1","2") -> 1 | EE8: {=_xlfn.IFS(EC8=0,"0", EC8=-0.25, "1", EC8=-0.5,"2", EC8=-0.75,"3", EC8=-1,"4",EC8=-1.25,"5", EC8=-1.5,"6", EC8=-1.75,"7", EC8=-2,"8", EC8=-2.25,"9",EC8=-2.5,"10", EC8=-2.75,"11", EC8=-3,"12", EC8=-3.25,"13", EC8=-3.5,"14", EC8=-3.75,"15",EC8=-4,"16")} -> 0 | EF8: 0 | EG8: =IF(EF8=0,"1","2") -> 1 | EH8: {=_xlfn.IFS(EF8=0,"0", EF8=-0.25, "1", EF8=-0.5,"2", EF8=-0.75,"3", EF8=-1,"4",EF8=-1.25,"5", EF8=-1.5,"6", EF8=-1.75,"7", EF8=-2,"8", EF8=-2.25,"9",EF8=-2.5,"10", EF8=-2.75,"11", EF8=-3,"12", EF8=-3.25,"13", EF8=-3.5,"14", EF8=-3.75,"15",EF8=-4,"16")} -> 0 | EI8: 0 | EJ8: =IF(EI8=0,"1","2") -> 1 | EK8: {=_xlfn.IFS(EI8=0,"0", EI8=-0.25, "1", EI8=-0.5,"2", EI8=-0.75,"3", EI8=-1,"4",EI8=-1.25,"5", EI8=-1.5,"6", EI8=-1.75,"7", EI8=-2,"8", EI8=-2.25,"9", EI8=-2.25,"9",EI8=-2.5,"10", EI8=-2.75,"11", EI8=-3,"12", EI8=-3.25,"13", EI8=-3.5,"14", EI8=-3.75,"15",EI8=-4,"16", EI8=0.25, "17", EI8=0.5, "18")} -> 0 | EL8: 0 | EM8: =IF(EL8=0,"1","2") -> 1 | EN8: {=_xlfn.IFS(EL8=0.25,"17",EL8=0.5,"18", EL8=0,"0", EL8=-0.25, "1", EL8=-0.5,"2", EL8=-0.75,"3", EL8=-1,"4",EL8=-1.25,"5", EL8=-1.5,"6", EL8=-1.75,"7", EL8=-2,"8",EL8= -2.25,"9",EL8=-2.5,"10",EL8= -2.75,"11",EL8= -3,"12",EL8= -3.25,"13",EL8= -3.5,"14",EL8= -3.75,"15",EL8=-4,"16")} -> 0 | EO8: 0 | EP8: =IF(EO8=0,"1","2") -> 1 | EQ8: {=_xlfn.IFS(EO8=0,"0", EO8=0.25, "1", EO8=0.5,"2", EO8=0.75,"3", EO8=1,"4",EO8=1.25,"5", EO8=1.5,"6", EO8=1.75,"7", EO8=2,"8", EO8=2.25,"9", EO8=2.25,"9",EO8=2.5,"10", EO8=2.75,"11", EO8=3,"12", EO8=3.25,"13", EO8=3.5,"14", EO8=3.75,"15",EO8=4,"16", EO8=-0.25, "17", bq=-0.5, "18")} -> 0 | ER8: 0 | ES8: =IF(ER8=0,"1","2") -> 1 | ET8: {=_xlfn.IFS(ER8=0,"0", ER8=0.25, "1", ER8=0.5,"2", ER8=0.75,"3", ER8=1,"4",ER8=1.25,"5", ER8=1.5,"6", ER8=1.75,"7", ER8=2,"8", ER8=2.25,"9", ER8=2.25,"9",ER8=2.5,"10", ER8=2.75,"11", ER8=3,"12", ER8=3.25,"13", ER8=3.5,"14", ER8=3.75,"15",ER8=4,"16", ER8=-0.25, "17", bq=-0.5, "18")} -> 0 | EU8: 24 | EV8: =VLOOKUP(EU8,LEYENDA!$G$2:$H$8,2,TRUE()) -> 19-24 | EW8: {=_xlfn.IFS(EV8="0-5","1", EV8="6-12","2", EV8="13-18","3", EV8="19-24","4", EV8="25-36","5", EV8="37-48","6", EV8="49-60","7")} -> 4
A9: 3 | B9: 2 | C9: 39413 | E9: =VLOOKUP(A9,'286'!$A$3:$J$600,10,FALSE()) -> ACEÑA RINCÓN, MIRIAM | F9: =VLOOKUP(A9,'286'!$A$3:$I$1768,3,FALSE()) -> ARINMI | G9: =VLOOKUP(A9,'286'!$A$3:$I$1768,4,FALSE()) -> 34696 | H9: =YEAR(C9)-YEAR(G9) -> 13 | I9: =VLOOKUP(H9,LEYENDA!$C$2:$D$6,2,TRUE()) -> 13-24 | J9: =VLOOKUP(A9,'286'!$A$3:$I$1768,7,FALSE()) -> M | K9: =VLOOKUP(A9,'286'!$A$3:$I$1768,2,FALSE()) -> OD | L9: =VLOOKUP(A9,'286'!$A$3:$I$1768,8,FALSE()) -> D | M9: =VLOOKUP(A9,'286'!$A$3:$I$1768,9,FALSE()) -> I | N9: =IF(R9=O9, "MISMA","CONTRARIA") -> CONTRARIA | O9: {=_xlfn.IFS(L9="D","1", L9="I","2")} -> 1 | P9: {=_xlfn.IFS(K9="OD","1", K9="OI","2")} -> 1 | Q9: {=_xlfn.IFS(J9="M","1", J9="H","2")} -> 1 | R9: {=_xlfn.IFS(M9="D","1", M9="I","2")} -> 2 | S9: {=_xlfn.IFS(N9="CONTRARIA", "1",N9= "MISMA","2")} -> 1 | T9: {=_xlfn.IFS(I9="0-12","1", I9="13-24","2", I9="25-40","3", I9="41-60","4", I9="61-100","5")} -> 2 | U9: 0.5 | V9: =IF(U9="","",IF(AND(U9>=-9,U9<=-6.5),"-9 a -6,5",IF(AND(U9>=-6,U9<=-3.5),"-6 a -3,5",IF(AND(U9>=-3,U9<=-1),"-3 a -1",IF(U9=-0.5,"-0,5",IF(AND(U9>=0,U9<=2.5),"0 a 2,5",IF(AND(U9>=3,U9<=5.5),"3 a 5,5",IF(AND(U9>=6,U9<=8.5),"6 a 8,5",IF(AND(U9>=9,U9<=20),"9 a 20","Fuera de rango"))))))))) -> 0 a 2,5 | W9: =IF(V9="","",IF(V9="-9 a -6,5",2,IF(V9="-6 a -3,5",3,IF(V9="-3 a -1",4,IF(V9="-0,5","NORMA",IF(V9="0 a 2,5",5,IF(V9="3 a 5,5",6,IF(V9="6 a 8,5",7,IF(V9="9 a 20",8,"Fuera de rango"))))))))) -> 5 | X9: 0 | Y9: =IF(X9="","",IF(AND(X9>=0,X9<=4),"0 a 4",IF(AND(X9>=4.5,X9<=8.5),"4,5 a 8,5",IF(X9=9,"9",IF(AND(X9>=9.5,X9<=13),"9,5 a 13",IF(AND(X9>=13.5,X9<=20),"13,5 a 20",IF(AND(X9>=20.5,X9<=35),"20,5 a 35","Fuera de rango"))))))) -> 0 a 4 | Z9: =IF(Y9="","",IF(Y9="0 a 4",1,IF(Y9="4,5 a 8,5",2,IF(Y9="9","NORMA",IF(Y9="9,5 a 13",3,IF(Y9="13,5 a 20",4,IF(Y9="20,5 a 35",5,"Fuera de rango"))))))) -> 1 | AA9: 20 | AB9: =IF(AA9="","",IF(AND(AA9>=0,AA9<=9),"0 a 9",IF(AND(AA9>=9.5,AA9<=18.5),"9,5 a 18,5",IF(AA9=19,"19",IF(AND(AA9>=19.5,AA9<=28),"19,5 a 28",IF(AND(AA9>=28.5,AA9<=40),"28,5 a 40","Fuera de rango")))))) -> 19,5 a 28 | AC9: {=_xlfn.IFS(AB9="","",AB9="0 a 9",1,AB9="9,5 a 18,5",2,AB9="19","NORMA",AB9="19,5 a 28",3,AB9="28,5 a 40",4,TRUE(),"Fuera de rango")} -> 3 | AD9: 3 | AE9: =IF(AD9="","",IF(AND(AD9>=-10,AD9<=0),"De -10 a 0",IF(AND(AD9>=0.5,AD9<=9.5),"0,5 a 9,5",IF(AD9=10,"10",IF(AND(AD9>=10.5,AD9<=20),"10,5 a 20",IF(AND(AD9>=20.5,AD9<=40),"20,5 a 40","Fuera de rango")))))) -> 0,5 a 9,5 | AF9: =IF(AD9="","",IF(AND(AD9>=-10,AD9<=0),1,IF(AND(AD9>=0.5,AD9<=9.5),2,IF(AD9=10,"NORMA",IF(AND(AD9>=10.5,AD9<=20),3,IF(AND(AD9>=20.5,AD9<=40),4,"")))))) -> 2 | AH9: =IF(AG9="","",IF(AND(AG9>=0,AG9<=4),"0 a 4",IF(AND(AG9>=4.5,AG9<=8.5),"4,5 a 8,5",IF(AG9=9,"9",IF(AND(AG9>=9.5,AG9<=13),"9,5 a 13",IF(AND(AG9>=13.5,AG9<=25),"13,5 a 25","Fuera de rango")))))) | AI9: =IF(AH9="","",IF(AH9="0 a 4",1,IF(AH9="4,5 a 8,5",2,IF(AH9="9","NORMA",IF(AH9="9,5 a 13",3,IF(AH9="13,5 a 25",4,"")))))) | AJ9: 3 | AK9: =IF(AJ9="","",IF(AND(AJ9>=-15,AJ9<=-10.5),"-15 a -10,5",IF(AND(AJ9>=-10,AJ9<=-4),"-10 a -4",IF(AND(AJ9>=-4.5,AJ9<=0),"-4,5 a 0",IF(AND(AJ9>=0.5,AJ9<=4.5),"0,5 a 4,5",IF(AJ9=5,"5",IF(AND(AJ9>=5.5,AJ9<=10),"5,5 a 10",IF(AND(AJ9>=10.5,AJ9<=20),"10,5 a 20","Fuera de rango")))))))) -> 0,5 a 4,5 | AL9: =IF(AK9="","",IF(AK9="-15 a -10,5",1,IF(AK9="-10 a -4",2,IF(AK9="-4,5 a 0",3,IF(AK9="0,5 a 4,5",4,IF(AK9="5","NORMA",IF(AK9="5,5 a 10",5,IF(AK9="10,5 a 20",6,"Error")))))))) -> 4 | AM9: -0.5 | AN9: =IF(AM9="","",IF(AND(AM9>=-7.5,AM9<=-5.5),"-7,5 a -5,5",IF(AND(AM9>=-5,AM9<=-3),"-5 a -3",IF(AND(AM9>=-2.5,AM9<=-0.5),"-2,5 a -0,5",IF(AM9=0,"0,00",IF(AND(AM9>=0.5,AM9<=2.5),"0,5 a 2,5",IF(AND(AM9>=3,AM9<=5),"3 a 5",IF(AND(AM9>=5.5,AM9<=7.5),"5,5 a 7,5",IF(AND(AM9>=8,AM9<=10),"8 a 10","Fuera de rango"))))))))) -> -2,5 a -0,5 | AO9: =IF(AN9="","",IF(AN9="-7,5 a -5,5",1,IF(AN9="-5 a -3",2,IF(AN9="-2,5 a -0,5",3,IF(AN9="0,00","NORMA",IF(AN9="0,5 a 2,5",4,IF(AN9="3 a 5",5,IF(AN9="5,5 a 7,5",6,IF(AN9="8 a 10",7,"Error"))))))))) -> 3 | AP9: -4 | AQ9: =IF(AP9="","",IF(AND(AP9>=-20,AP9<=-9.5),"-20 a -9,5",IF(AND(AP9>=-9,AP9<=-6.5),"-9 a -6,5",IF(AP9=-6,"-6",IF(AND(AP9>=-5.5,AP9<=-3),"-5,5 a -3",IF(AND(AP9>=-2.5,AP9<=0),"-2,5 a 0",IF(AND(AP9>=0.5,AP9<=3),"0,5 a 3",IF(AND(AP9>=3.5,AP9<=6),"3,5 a 6",IF(AND(AP9>=6.5,AP9<=9),"6,5 a 9",IF(AND(AP9>=9.5,AP9<=20),"9,5 a 20","Fuera de rango")))))))))) -> -5,5 a -3 | AR9: =IF(AQ9="","",IF(AQ9="-20 a -9,5",1,IF(AQ9="-9 a -6,5",2,IF(AQ9="-6","NORMA",IF(AQ9="-5,5 a -3",3,IF(AQ9="-2,5 a 0",4,IF(AQ9="0,5 a 3",5,IF(AQ9="3,5 a 6",6,IF(AQ9="6,5 a 9",7,IF(AQ9="9,5 a 20",8,"")))))))))) -> 3 | AS9: 0 | AT9: =IF(AS9="","",IF(AND(AS9>=-16,AS9<=-14),"-16 a -14",IF(AND(AS9>=-13.5,AS9<=-11.5),"-13,5 a -11,5",IF(AND(AS9>=-11,AS9<=-9),"-11 a -9",IF(AND(AS9>=-8.5,AS9<=-6.5),"-8,5 a -6,5",IF(AND(AS9>=-6,AS9<=-4),"-6 a -4",IF(AND(AS9>=-3.5,AS9<=-1.5),"-3,5 a -1,5",IF(AND(AS9>=-1,AS9<=1),"-1 a 1",IF(AND(AS9>=1.5,AS9<=3.5),"1,5 a 3,5",IF(AND(AS9>=4,AS9<=6),"4 a 6",IF(AND(AS9>=6.5,AS9<=8.5),"6,5 a 8,5",IF(AND(AS9>=9,AS9<=11),"9 a 11",IF(AND(AS9>=11.5,AS9<=13.5),"11,5 a 13,5",IF(AND(AS9>=14,AS9<=16),"14 a 16",IF(AND(AS9>=16.5,AS9<=18.5),"16,5 a 18,5",IF(AND(AS9>=19,AS9<=21),"19 a 21","Fuera de rango")))))))))))))))) -> -1 a 1 | AU9: {=IF(AT9="","",_xlfn.IFS(AT9="-16 a -14",1,AT9="-13,5 a -11,5",2,AT9="-11 a -9",3,AT9="-8,5 a -6,5",4,AT9="-6 a -4",5,AT9="-3,5 a -1,5",6,AT9="-1 a 1",7,AT9="1,5 a 3,5",8,AT9="4 a 6","NORMA",AT9="6,5 a 8,5",9,AT9="9 a 11",10,AT9="11,5 a 13,5",11,AT9="14 a 16",12,AT9="16,5 a 18,5",13,AT9="19 a 21",14,TRUE(),""))} -> 7 | AV9: 1 | AW9: =IF(AV9="","",IF(AND(AV9>=-1,AV9<=-0.5),"-1 a -0,5",IF(AND(AV9>-0.5,AV9<=0),"De -0,5 a 0",IF(AND(AV9>=0.25,AV9<=0.75),"0,25 a 0,75",IF(AND(AV9>=1,AV9<=1.5),"1 a 1,5",IF(AND(AV9>=1.75,AV9<=2.25),"1,75 a 2,25",IF(AND(AV9>=2.5,AV9<=3),"2,5 a 3",IF(AND(AV9>=3.25,AV9<=3.75),"3,25 a 3,75","Fuera de rango")))))))) -> 1 a 1,5 | AX9: =IF(AW9="","",IF(OR(AW9="-1 a -0,5",AW9="-1 a -0.5"),1,IF(OR(AW9="De -0,5 a 0",AW9="-0,5 a 0",AW9="De -0.5 a 0"),2,IF(OR(AW9="0,25 a 0,75",AW9="0.25 a 0.75"),"NORMA",IF(OR(AW9="1 a 1,5",AW9="1 a 1.5"),3,IF(OR(AW9="1,75 a 2,25",AW9="1.75 a 2.25"),4,IF(OR(AW9="2,5 a 3",AW9="2.5 a 3"),5,IF(OR(AW9="3,25 a 3,75",AW9="3.25 a 3.75"),6,"")))))))) -> 3 | AY9: -5 | AZ9: =IF(AY9="","",IF(AND(AY9>=-20,AY9<=-9.5),"-20 a -9,5",IF(AND(AY9>=-9,AY9<=-6.5),"-9 a -6,5",IF(AY9=-6,"-6",IF(AND(AY9>=-5.5,AY9<=-3),"-5,5 a -3",IF(AND(AY9>=-2.5,AY9<=0),"-2,5 a 0",IF(AND(AY9>=0.5,AY9<=3),"0,5 a 3",IF(AND(AY9>=3.5,AY9<=6),"3,5 a 6","Fuera de rango")))))))) -> -5,5 a -3 | BA9: =IF(AZ9="","",IF(AZ9="-20 a -9,5",1,IF(AZ9="-9 a -6,5",2,IF(AZ9="-6","NORMA",IF(AZ9="-5,5 a -3",3,IF(AZ9="-2,5 a 0",4,IF(AZ9="0,5 a 3",5,IF(AZ9="3,5 a 6",6,"")))))))) -> 3 | BB9: 0 | BC9: {=IF(BB9="","",_xlfn.IFS(AND(BB9>=0,BB9<=2),"0 a 2",AND(BB9>=2.5,BB9<=4.5),"2,5 a 4,5",AND(BB9>=5,BB9<=7),"5 a 7",AND(BB9>=7.5,BB9<=9.5),"7,5 a 9,5",AND(BB9>=10,BB9<=12),"10 a 12",AND(BB9>=12.5,BB9<=14.5),"12,5 a 14,5",BB9=15,"15",AND(BB9>=15.5,BB9<=17.5),"15,5 a 17,5",AND(BB9>=18,BB9<=20),"18 a 20",AND(BB9>=20.5,BB9<=22.5),"20,5 a 22,5",AND(BB9>=23,BB9<=25),"23 a 25",TRUE(),"Fuera de rango"))} -> 0 a 2 | BD9: {=IF(BC9="","",_xlfn.IFS(BC9="0 a 2",1,BC9="2,5 a 4,5",2,BC9="5 a 7",3,BC9="7,5 a 9,5",4,BC9="10 a 12",5,BC9="12,5 a 14,5",6,BC9="15","NORMA",BC9="15,5 a 17,5",7,BC9="18 a 20",8,BC9="20,5 a 22,5",9,BC9="23 a 25",10,TRUE(),"Fuera de rango"))} -> 1 | BE9: 24 | BF9: =IF(BE9="","",IF(AND(BE9>=-20,BE9<=-10),"-20 a -10",IF(AND(BE9>=-9.5,BE9<=0.5),"-9,5 a 0,5",IF(AND(BE9>=1,BE9<=11),"1 a 11",IF(AND(BE9>=11.5,BE9<=20.5),"11,5 a 20,5",IF(BE9=21,"21",IF(AND(BE9>=21.5,BE9<=31.5),"21,5 a 31,5",IF(AND(BE9>=32,BE9<=42),"32 a 42","Fuera de rango")))))))) -> 21,5 a 31,5 | BG9: =IF(BF9="","",IF(BF9="-20 a -10",1,IF(BF9="-9,5 a 0,5",2,IF(BF9="1 a 11",3,IF(BF9="11,5 a 20,5",4,IF(BF9="21","NORMA",IF(BF9="21,5 a 31,5",5,IF(BF9="32 a 42",6,"")))))))) -> 5 | BH9: 13 | BI9: =IF(BH9="","",IF(AND(BH9>=-20,BH9<=-15),"-20 a -15",IF(AND(BH9>=-14.5,BH9<=-9.5),"-14,5 a -9,5",IF(AND(BH9>=-9,BH9<=-4),"-9 a -4",IF(AND(BH9>=-3.5,BH9<=2.5),"-3,5 a 2,5",IF(AND(BH9>=3,BH9<=8),"3 a 8",IF(AND(BH9>=8.5,BH9<=14.5),"8,5 a 14,5",IF(BH9=15,"15",IF(AND(BH9>=15.5,BH9<=20.5),"15,5 a 20,5",IF(AND(BH9>=21,BH9<=26),"21 a 26","Fuera de rango")))))))))) -> 8,5 a 14,5 | BJ9: =IF(BI9="","",IF(BI9="-20 a -15",1,IF(BI9="-14,5 a -9,5",2,IF(BI9="-9 a -4",3,IF(BI9="-3,5 a 2,5",4,IF(BI9="3 a 8",5,IF(BI9="8,5 a 14,5",6,IF(BI9="15","NORMA",IF(BI9="15,5 a 20,5",7,IF(BI9="21 a 26",8,IF(BI9="26,5 a 31,5",9,""))))))))))) -> 6 | BK9: 0 | BL9: =IF(BK9="","",IF(AND(BK9>=0,BK9<=2),"0 - 2",IF(AND(BK9>=2.5,BK9<=4.5),"2,5 - 4,5",IF(AND(BK9>=5,BK9<=7),"5 - 7",IF(AND(BK9>=7.5,BK9<=9.5),"7,5 - 9,5",IF(AND(BK9>=10,BK9<=12),"10 - 12",IF(AND(BK9>=12.5,BK9<=13.5),"12,5 - 13,5",IF(BK9=14,"14",IF(AND(BK9>=14.5,BK9<=16.5),"14,5 - 16,5",IF(AND(BK9>=17,BK9<=19),"17 - 19",IF(AND(BK9>=19.5,BK9<=21.5),"19,5 - 21,5",IF(AND(BK9>=22,BK9<=24),"22 - 24",IF(AND(BK9>=24.5,BK9<=26.5),"24,5 - 26,5",IF(AND(BK9>=27,BK9<=29),"27 - 29",IF(AND(BK9>=29.5,BK9<=30),"29,5 - 30","Fuera de rango"))))))))))))))) -> 0 - 2 | BM9: =IF(BL9="","",IF(BL9="0 - 2",1,IF(BL9="2,5 - 4,5",2,IF(BL9="5 - 7",3,IF(BL9="7,5 - 9,5",4,IF(BL9="10 - 12",5,IF(BL9="12,5 - 13,5",6,IF(BL9="14","NORMA",IF(BL9="14,5 - 16,5",7,IF(BL9="17 - 19",8,IF(BL9="19,5 - 21,5",9,IF(BL9="22 - 24",10,IF(BL9="24,5 - 26,5",11,IF(BL9="27 - 29",12,IF(BL9="29,5 - 30",13,""))))))))))))))) -> 1 | BN9: 12 | BO9: =IF(BN9="","",IF(AND(BN9>=-20,BN9<=-10),"-20 a -10",IF(AND(BN9>=-9.5,BN9<=0.5),"-9,5 a 0,5",IF(AND(BN9>=1,BN9<=11),"1 a 11",IF(AND(BN9>=11.5,BN9<=21.5),"11,5 a 21,5",IF(BN9=22,"22",IF(AND(BN9>=22.5,BN9<=32.5),"22,5 a 32,5",IF(AND(BN9>=33,BN9<=43),"33 a 43","Fuera de rango")))))))) -> 11,5 a 21,5 | BP9: =IF(BO9="","",IF(BO9="-20 a -10",1,IF(BO9="-9,5 a 0,5",2,IF(BO9="1 a 11",3,IF(BO9="11,5 a 21,5",4,IF(BO9="22","NORMA",IF(BO9="22,5 a 32,5",5,IF(BO9="33 a 43",6,"")))))))) -> 4 | BQ9: 10 | BR9: =IF(BQ9="","",IF(AND(BQ9>=-20,BQ9<=-15),"-20 a -15",IF(AND(BQ9>=-14.5,BQ9<=-9.5),"-14,5 a -9,5",IF(AND(BQ9>=-9,BQ9<=-4),"-9 a -4",IF(AND(BQ9>=-3.5,BQ9<=2.5),"-3,5 a 2,5",IF(AND(BQ9>=3,BQ9<=8),"3 a 8",IF(AND(BQ9>=8.5,BQ9<=13.5),"8,5 a 13,5",IF(AND(BQ9>=14,BQ9<=17.5),"14 a 17,5",IF(BQ9=18,"18",IF(AND(BQ9>=18.5,BQ9<=23.5),"18,5 a 23,5",IF(AND(BQ9>=24,BQ9<=29),"24 a 29",IF(AND(BQ9>=29.5,BQ9<=34.5),"29,5 a 34,5",IF(AND(BQ9>=35,BQ9<=40),"35 a 40","Fuera de rango"))))))))))))) -> 8,5 a 13,5 | BS9: =IF(BR9="","",IF(BR9="-20 a -15",1,IF(BR9="-14,5 a -9,5",2,IF(BR9="-9 a -4",3,IF(BR9="-3,5 a 2,5",4,IF(BR9="3 a 8",5,IF(BR9="8,5 a 13,5",6,IF(BR9="14 a 17,5",7,IF(BR9="18","NORMA",IF(BR9="18,5 a 23,5",8,IF(BR9="24 a 29",9,IF(BR9="29,5 a 34,5",10,IF(BR9="35 a 40",11,""))))))))))))) -> 6 | BT9: 2 | BU9: =IF(BT9="","",IF(AND(BT9>=-20,BT9<=-18),"-20 a -18",IF(AND(BT9>=-17.5,BT9<=-15.5),"-17,5 a -15,5",IF(AND(BT9>=-15,BT9<=-13),"-15 a -13",IF(AND(BT9>=-12.5,BT9<=-10.5),"-12,5 a -10,5",IF(AND(BT9>=-10,BT9<=-8),"-10 a -8",IF(AND(BT9>=-7.5,BT9<=-5.5),"-7,5 a -5,5",IF(AND(BT9>=-5,BT9<=-3),"-5 a -3",IF(AND(BT9>=-2.5,BT9<=-0.5),"-2,5 a -0,5",IF(BT9=0,"0",IF(AND(BT9>=0.5,BT9<=2.5),"0,5 a 2,5",IF(AND(BT9>=3,BT9<=5),"3 a 5",IF(AND(BT9>=5.5,BT9<=7.5),"5,5 a 7,5",IF(AND(BT9>=8,BT9<=10),"8 a 10",IF(AND(BT9>=10.5,BT9<=12.5),"10,5 a 12,5",IF(AND(BT9>=13,BT9<=15),"13 a 15",IF(AND(BT9>=15.5,BT9<=17.5),"15,5 a 17,5",IF(AND(BT9>=18,BT9<=20),"18 a 20","Fuera de rango")))))))))))))))))) -> 0,5 a 2,5 | BV9: =IF(BT9="","",IF(BT9=0,"NORMA",IF(AND(BT9>=-20,BT9<=-18),2,IF(AND(BT9>=-17.5,BT9<=-15.5),2,IF(AND(BT9>=-15,BT9<=-13),3,IF(AND(BT9>=-12.5,BT9<=-10.5),4,IF(AND(BT9>=-10,BT9<=-8),5,IF(AND(BT9>=-7.5,BT9<=-5.5),6,IF(AND(BT9>=-5,BT9<=-3),7,IF(AND(BT9>=-2.5,BT9<=-0.5),8,IF(AND(BT9>=0.5,BT9<=2.5),9,IF(AND(BT9>=3,BT9<=5),10,IF(AND(BT9>=5.5,BT9<=7.5),11,IF(AND(BT9>=8,BT9<=10),12,IF(AND(BT9>=10.5,BT9<=12.5),13,IF(AND(BT9>=13,BT9<=15),14,IF(AND(BT9>=15.5,BT9<=17.5),15,IF(AND(BT9>=18,BT9<=20),16,"Fuera de rango")))))))))))))))))) -> 9 | BW9: -5 | BX9: =18.5- (0.3*H9) -> 14.6 | BY9: =(BW9)-(BX9) -> -19.6 | BZ9: =IF(BY9="","",IF(BY9<-27.5,"De -30 a -28",IF(BY9<-25,"De -27,5 a -25,5",IF(BY9<-22.5,"De -25 a -23",IF(BY9<-20,"De -22,5 a -20,5",IF(BY9<-17.5,"De -20 a -18",IF(BY9<-15,"De -17,5 a -15,5",IF(BY9<-12.5,"De -15 a -13",IF(BY9<-10,"De -12,5 a -10,5",IF(BY9<-7.5,"De -10 a -8",IF(BY9<-5,"De -7,5 a -5,5",IF(BY9<-2.5,"De -5 a -3",IF(BY9<0,"De -2,5 a -0,5",IF(BY9<2.5,"De 0 a 2",IF(BY9<5,"De 2,5 a 4,5",IF(BY9<7.5,"De 5 a 7",IF(BY9<10,"De 7,5 a 9,5",IF(BY9<12.5,"De 10 a 12",IF(BY9<15,"De 12,5 a 14,5",IF(BY9<17.5,"De 15 a 17",IF(BY9<20,"De 17,5 a 19,5",IF(BY9<22.5,"De 20 a 22",IF(BY9<25,"De 22,5 a 24,5",IF(BY9<27.5,"De 25 a 27","De 27,5 a 30")))))))))))))))))))))))) -> De -20 a -18 | CA9: =IF(BY9="","",IF(BY9<=-28,1,IF(BY9<=-25.5,2,IF(BY9<=-23,3,IF(BY9<=-20.5,4,IF(BY9<=-18,5,IF(BY9<=-15.5,6,IF(BY9<=-13,7,IF(BY9<=-10.5,8,IF(BY9<=-8,9,IF(BY9<=-5.5,10,IF(BY9<=-3,11,IF(BY9<=-0.5,12,IF(BY9<=2,13,IF(BY9<=4.5,14,IF(BY9<=7,15,IF(BY9<=9.5,16,IF(BY9<=12,17,IF(BY9<=14.5,18,IF(BY9<=17,19,IF(BY9<=19.5,20,IF(BY9<=22,21,IF(BY9<=24.5,22,IF(BY9<=27,23,IF(BY9<=30,24,"Fuera de rango"))))))))))))))))))))))))) -> 5 | CB9: -5 | CC9: =18.5- (0.3*H9) -> 14.6 | CD9: =(CB9)-(CC9) -> -19.6 | CE9: =IF(CD9="","",IF(CD9<-27.5,"De -30 a -28",IF(CD9<-25,"De -27,5 a -25,5",IF(CD9<-22.5,"De -25 a -23",IF(CD9<-20,"De -22,5 a -20,5",IF(CD9<-17.5,"De -20 a -18",IF(CD9<-15,"De -17,5 a -15,5",IF(CD9<-12.5,"De -15 a -13",IF(CD9<-10,"De -12,5 a -10,5",IF(CD9<-7.5,"De -10 a -8",IF(CD9<-5,"De -7,5 a -5,5",IF(CD9<-2.5,"De -5 a -3",IF(CD9<0,"De -2,5 a -0,5",IF(CD9<=2,"De 0 a 2",IF(CD9<=4.5,"De 2,5 a 4,5",IF(CD9<=7,"De 5 a 7",IF(CD9<=9.5,"De 7,5 a 9,5",IF(CD9<=12,"De 10 a 12",IF(CD9<=14.5,"De 12,5 a 14,5",IF(CD9<=17,"De 15 a 17",IF(CD9<=19.5,"De 17,5 a 19,5",IF(CD9<=22,"De 20 a 22",IF(CD9<=24.5,"De 22,5 a 24,5",IF(CD9<=27,"De 25 a 27","De 27,5 a 30")))))))))))))))))))))))) -> De -20 a -18 | CF9: =IF(CD9="","",IF(CD9<-27.5,1,IF(CD9<-25,2,IF(CD9<-22.5,3,IF(CD9<-20,4,IF(CD9<-17.5,5,IF(CD9<-15,6,IF(CD9<-12.5,7,IF(CD9<-10,8,IF(CD9<-7.5,9,IF(CD9<-5,10,IF(CD9<-2.5,11,IF(CD9<0,12,IF(CD9<2.5,13,IF(CD9<5,14,IF(CD9<7.5,15,IF(CD9<10,16,IF(CD9<12.5,17,IF(CD9<15,18,IF(CD9<17.5,19,IF(CD9<20,20,IF(CD9<22.5,21,IF(CD9<25,22,IF(CD9<27.5,23,24)))))))))))))))))))))))) -> 5 | CG9: -2 | CH9: =IF(CG9="","",IF(AND(CG9>=-10,CG9<=-9.5),"-10 a -9,5",IF(AND(CG9>-9.5,CG9<=-8.5),"-9 a -8,5",IF(AND(CG9>-8.5,CG9<=-7.5),"-8 a -7,5",IF(AND(CG9>-7.5,CG9<=-6.5),"-7 a -6,5",IF(AND(CG9>-6.5,CG9<=-5.5),"-6 a -5,5",IF(AND(CG9>-5.5,CG9<=-4.5),"-5 a -4,5",IF(AND(CG9>-4.5,CG9<=-3.5),"-4 a -3,5",IF(AND(CG9>-3.5,CG9<=-2.5),"-3 a -2,5",IF(CG9=-2.25,"-2,25",IF(AND(CG9>-2.5,CG9<=-1.5),"-2 a -1,5",IF(AND(CG9>-1.5,CG9<=-0.5),"-1 a -0,5",IF(AND(CG9>-0.5,CG9<=0.5),"0 a 0,5",IF(AND(CG9>0.5,CG9<=1.5),"1 a 1,5",IF(AND(CG9>1.5,CG9<=2.5),"2 a 2,5",IF(AND(CG9>2.5,CG9<=3.5),"3 a 3,5",IF(AND(CG9>3.5,CG9<=4.5),"4 a 4,5",IF(AND(CG9>4.5,CG9<=5.5),"5 a 5,5",IF(AND(CG9>5.5,CG9<=6.5),"6 a 6,5",IF(AND(CG9>6.5,CG9<=7.5),"7 a 7,5",IF(AND(CG9>7.5,CG9<=8.5),"8 a 8,5",IF(AND(CG9>8.5,CG9<=9.5),"9 a 9,5",IF(CG9>=10,"10","Fuera de rango"))))))))))))))))))))))) -> -2 a -1,5 | CI9: =IF(CG9="","",IF(CG9=-2.25,"NORMA",IF(CG9<=-9.5,1,IF(CG9<=-8.5,2,IF(CG9<=-7.5,3,IF(CG9<=-6.5,4,IF(CG9<=-5.5,5,IF(CG9<=-4.5,6,IF(CG9<=-3.5,7,IF(CG9<=-2.5,8,IF(CG9<=-1.5,9,IF(CG9<=-0.5,10,IF(CG9<=0.5,11,IF(CG9<=1.5,12,IF(CG9<=2.5,13,IF(CG9<=3.5,14,IF(CG9<=4.5,15,IF(CG9<=5.5,16,IF(CG9<=6.5,17,IF(CG9<=7.5,18,IF(CG9<=8.5,19,IF(CG9<=9.5,20,IF(CG9=10,21,"Fuera de rango"))))))))))))))))))))))) -> 9 | CJ9: 2.5 | CK9: =IF(CJ9="","",IF(AND(CJ9>=-6,CJ9<=-5.5),"-6 a -5,5",IF(AND(CJ9>-5.5,CJ9<=-4.5),"-5 a -4,5",IF(AND(CJ9>-4.5,CJ9<=-3.5),"-4 a -3,5",IF(AND(CJ9>-3.5,CJ9<=-2.5),"-3 a -2,5",IF(AND(CJ9>-2.5,CJ9<=-1.5),"-2 a -1,5",IF(AND(CJ9>-1.5,CJ9<=-0.5),"-1 a -0,5",IF(AND(CJ9>-0.5,CJ9<=0.5),"0 a 0,5",IF(AND(CJ9>0.5,CJ9<=1.5),"1 a 1,5",IF(AND(CJ9>1.5,CJ9<2.5),"2",IF(AND(CJ9>=2.5,CJ9<=3),"2,5 a 3",IF(AND(CJ9>3,CJ9<=4),"3,5 a 4",IF(AND(CJ9>4,CJ9<=5),"4,5 a 5",IF(AND(CJ9>5,CJ9<=6),"5,5 a 6",IF(AND(CJ9>6,CJ9<=7),"6,5 a 7",IF(AND(CJ9>7,CJ9<=8),"7,5 a 8",IF(AND(CJ9>8,CJ9<=9.5),"8,5 a 9,5",IF(CJ9=10,"10","Fuera de rango")))))))))))))))))) -> 2,5 a 3 | CL9: =IF(CK9="","",IF(OR(CK9="-6 a -5,5",CK9="-6 - -5,5"),1,IF(OR(CK9="-5 a -4,5",CK9="-5 - -4,5"),2,IF(OR(CK9="-4 a -3,5",CK9="-4 - -3,5"),3,IF(OR(CK9="-3 a -2,5",CK9="-3 - -2,5"),4,IF(OR(CK9="-2 a -1,5",CK9="-2 - -1,5"),5,IF(OR(CK9="-1 a -0,5",CK9="-1 - -0,5"),6,IF(OR(CK9="0 a 0,5",CK9="0 - 0,5"),7,IF(OR(CK9="1 a 1,5",CK9="1 - 1,5"),8,IF(CK9="2","NORMA",IF(OR(CK9="2,5 a 3",CK9="2,5 - 3"),9,IF(OR(CK9="3,5 a 4",CK9="3,5 - 4"),10,IF(OR(CK9="4,5 a 5",CK9="4,5 - 5"),11,IF(OR(CK9="5,5 a 6",CK9="5,5 - 6"),12,IF(OR(CK9="6,5 a 7",CK9="6,5 - 7"),13,IF(OR(CK9="7,5 a 8",CK9="7,5 - 8"),14,IF(OR(CK9="8,5 a 9",CK9="8,5 - 9,5",CK9="9 a 9,5"),15,IF(CK9="10",15,IF(OR(CK9="0,5 a 1",CK9="0,5 - 1"),7,"Fuera de rango"))))))))))))))))))) -> 9 | CM9: 0 | CN9: =IF(CM9=0,"0", " ") -> 0 | CO9: =IF(CM9>0,"EME"," ") | CP9: 0 | CQ9: =IF(CP9>0,"0", " ") | CR9: =IF(CP9>0,"EME"," ") | CS9: 0 | CT9: =IF(CS9>0,"1", " ") | CU9: =IF(CS9>0,"HIP"," ") | CV9: 0 | CW9: =IF(CV9>0,"1", " ") | CX9: =IF(CV9>0,"HIP"," ") | CY9: -0.25 | CZ9: =IF(CY9<0,"2"," ") -> 2 | DA9: =IF(CY9<0,"MIO"," ") -> MIO | DB9: -1 | DC9: =IF(DB9<0,"2"," ") -> 2 | DD9: =IF(DB9<0,"MIO"," ") -> MIO | DE9: -0.25 | DF9: =IF(DE9<0,"3"," ") -> 3 | DG9: =IF(DE9<0,"AST"," ") -> AST | DH9: -0.25 | DI9: =IF(DH9<0,"3"," ") -> 3 | DJ9: =IF(DH9<0,"AST"," ") -> AST | DK9: 0 | DL9: =IF(DK9>0,"4"," ") | DM9: =IF(DK9>0,"PRE"," ") | DN9: 0 | DO9: =IF(DN9>0,"4"," ") | DP9: =IF(DN9>0,"PRE"," ") | DQ9: 2 | DR9: 2 | DS9: =CONCATENATE(CO9,CU9,DA9,DG9,DM9) -> MIOAST | DT9: {=_xlfn.IFS(DS9="EME ","0", DS9=" HIP ","1", DS9=" MIO ","2", DS9=" AST ","3", DS9=" PRE","4", DS9="EME PRE","5", DS9=" HIP PRE","6", DS9=" HIP AST ","7", DS9=" MIO PRE","8", DS9=" MIOAST ","9", DS9=" ASTPRE","10",DS9=" HIP ASTPRE","11", DS9=" MIOASTPRE","12", DS9=" ","0")} -> 9 | DU9: NO | DV9: {=_xlfn.IFS(DU9="SI","2", DU9="NO","1")} -> 1 | DW9: 0 | DX9: =IF(DW9=0,"1","2") -> 1 | DY9: {=_xlfn.IFS(DW9=0,"0", DW9=0.25, "1", DW9=0.5,"2", DW9=0.75,"3", DW9=1,"4",DW9=1.25,"5", DW9=1.5,"6", DW9=1.75,"7", DW9=2,"8")} -> 0 | DZ9: 0 | EA9: =IF(DZ9=0,"1","2") -> 1 | EB9: {=_xlfn.IFS(DZ9=0,"0", DZ9=0.25, "1", DZ9=0.5,"2", DZ9=0.75,"3", DZ9=1,"4",DZ9=1.25,"5", DZ9=1.5,"6", DZ9=1.75,"7", DZ9=2,"8")} -> 0 | EC9: -0.25 | ED9: =IF(EC9=0,"1","2") -> 2 | EE9: {=_xlfn.IFS(EC9=0,"0", EC9=-0.25, "1", EC9=-0.5,"2", EC9=-0.75,"3", EC9=-1,"4",EC9=-1.25,"5", EC9=-1.5,"6", EC9=-1.75,"7", EC9=-2,"8", EC9=-2.25,"9",EC9=-2.5,"10", EC9=-2.75,"11", EC9=-3,"12", EC9=-3.25,"13", EC9=-3.5,"14", EC9=-3.75,"15",EC9=-4,"16")} -> 1 | EF9: -1 | EG9: =IF(EF9=0,"1","2") -> 2 | EH9: {=_xlfn.IFS(EF9=0,"0", EF9=-0.25, "1", EF9=-0.5,"2", EF9=-0.75,"3", EF9=-1,"4",EF9=-1.25,"5", EF9=-1.5,"6", EF9=-1.75,"7", EF9=-2,"8", EF9=-2.25,"9",EF9=-2.5,"10", EF9=-2.75,"11", EF9=-3,"12", EF9=-3.25,"13", EF9=-3.5,"14", EF9=-3.75,"15",EF9=-4,"16")} -> 4 | EI9: -0.25 | EJ9: =IF(EI9=0,"1","2") -> 2 | EK9: {=_xlfn.IFS(EI9=0,"0", EI9=-0.25, "1", EI9=-0.5,"2", EI9=-0.75,"3", EI9=-1,"4",EI9=-1.25,"5", EI9=-1.5,"6", EI9=-1.75,"7", EI9=-2,"8", EI9=-2.25,"9", EI9=-2.25,"9",EI9=-2.5,"10", EI9=-2.75,"11", EI9=-3,"12", EI9=-3.25,"13", EI9=-3.5,"14", EI9=-3.75,"15",EI9=-4,"16", EI9=0.25, "17", EI9=0.5, "18")} -> 1 | EL9: -0.25 | EM9: =IF(EL9=0,"1","2") -> 2 | EN9: {=_xlfn.IFS(EL9=0.25,"17",EL9=0.5,"18", EL9=0,"0", EL9=-0.25, "1", EL9=-0.5,"2", EL9=-0.75,"3", EL9=-1,"4",EL9=-1.25,"5", EL9=-1.5,"6", EL9=-1.75,"7", EL9=-2,"8",EL9= -2.25,"9",EL9=-2.5,"10",EL9= -2.75,"11",EL9= -3,"12",EL9= -3.25,"13",EL9= -3.5,"14",EL9= -3.75,"15",EL9=-4,"16")} -> 1 | EO9: 0 | EP9: =IF(EO9=0,"1","2") -> 1 | EQ9: {=_xlfn.IFS(EO9=0,"0", EO9=0.25, "1", EO9=0.5,"2", EO9=0.75,"3", EO9=1,"4",EO9=1.25,"5", EO9=1.5,"6", EO9=1.75,"7", EO9=2,"8", EO9=2.25,"9", EO9=2.25,"9",EO9=2.5,"10", EO9=2.75,"11", EO9=3,"12", EO9=3.25,"13", EO9=3.5,"14", EO9=3.75,"15",EO9=4,"16", EO9=-0.25, "17", bq=-0.5, "18")} -> 0 | ER9: 0 | ES9: =IF(ER9=0,"1","2") -> 1 | ET9: {=_xlfn.IFS(ER9=0,"0", ER9=0.25, "1", ER9=0.5,"2", ER9=0.75,"3", ER9=1,"4",ER9=1.25,"5", ER9=1.5,"6", ER9=1.75,"7", ER9=2,"8", ER9=2.25,"9", ER9=2.25,"9",ER9=2.5,"10", ER9=2.75,"11", ER9=3,"12", ER9=3.25,"13", ER9=3.5,"14", ER9=3.75,"15",ER9=4,"16", ER9=-0.25, "17", bq=-0.5, "18")} -> 0 | EU9: 71 | EV9: =VLOOKUP(EU9,LEYENDA!$G$2:$H$8,2,TRUE()) -> 49-60 | EW9: {=_xlfn.IFS(EV9="0-5","1", EV9="6-12","2", EV9="13-18","3", EV9="19-24","4", EV9="25-36","5", EV9="37-48","6", EV9="49-60","7")} -> 7
A10: 3 | B10: 3 | C10: 39758 | E10: =VLOOKUP(A10,'286'!$A$3:$J$600,10,FALSE()) -> ACEÑA RINCÓN, MIRIAM | F10: =VLOOKUP(A10,'286'!$A$3:$I$1768,3,FALSE()) -> ARINMI | G10: =VLOOKUP(A10,'286'!$A$3:$I$1768,4,FALSE()) -> 34696 | H10: =YEAR(C10)-YEAR(G10) -> 14 | I10: =VLOOKUP(H10,LEYENDA!$C$2:$D$6,2,TRUE()) -> 13-24 | J10: =VLOOKUP(A10,'286'!$A$3:$I$1768,7,FALSE()) -> M | K10: =VLOOKUP(A10,'286'!$A$3:$I$1768,2,FALSE()) -> OD | L10: =VLOOKUP(A10,'286'!$A$3:$I$1768,8,FALSE()) -> D | M10: =VLOOKUP(A10,'286'!$A$3:$I$1768,9,FALSE()) -> I | N10: =IF(R10=O10, "MISMA","CONTRARIA") -> CONTRARIA | O10: {=_xlfn.IFS(L10="D","1", L10="I","2")} -> 1 | P10: {=_xlfn.IFS(K10="OD","1", K10="OI","2")} -> 1 | Q10: {=_xlfn.IFS(J10="M","1", J10="H","2")} -> 1 | R10: {=_xlfn.IFS(M10="D","1", M10="I","2")} -> 2 | S10: {=_xlfn.IFS(N10="CONTRARIA", "1",N10= "MISMA","2")} -> 1 | T10: {=_xlfn.IFS(I10="0-12","1", I10="13-24","2", I10="25-40","3", I10="41-60","4", I10="61-100","5")} -> 2 | U10: 0.5 | V10: =IF(U10="","",IF(AND(U10>=-9,U10<=-6.5),"-9 a -6,5",IF(AND(U10>=-6,U10<=-3.5),"-6 a -3,5",IF(AND(U10>=-3,U10<=-1),"-3 a -1",IF(U10=-0.5,"-0,5",IF(AND(U10>=0,U10<=2.5),"0 a 2,5",IF(AND(U10>=3,U10<=5.5),"3 a 5,5",IF(AND(U10>=6,U10<=8.5),"6 a 8,5",IF(AND(U10>=9,U10<=20),"9 a 20","Fuera de rango"))))))))) -> 0 a 2,5 | W10: =IF(V10="","",IF(V10="-9 a -6,5",2,IF(V10="-6 a -3,5",3,IF(V10="-3 a -1",4,IF(V10="-0,5","NORMA",IF(V10="0 a 2,5",5,IF(V10="3 a 5,5",6,IF(V10="6 a 8,5",7,IF(V10="9 a 20",8,"Fuera de rango"))))))))) -> 5 | X10: 0 | Y10: =IF(X10="","",IF(AND(X10>=0,X10<=4),"0 a 4",IF(AND(X10>=4.5,X10<=8.5),"4,5 a 8,5",IF(X10=9,"9",IF(AND(X10>=9.5,X10<=13),"9,5 a 13",IF(AND(X10>=13.5,X10<=20),"13,5 a 20",IF(AND(X10>=20.5,X10<=35),"20,5 a 35","Fuera de rango"))))))) -> 0 a 4 | Z10: =IF(Y10="","",IF(Y10="0 a 4",1,IF(Y10="4,5 a 8,5",2,IF(Y10="9","NORMA",IF(Y10="9,5 a 13",3,IF(Y10="13,5 a 20",4,IF(Y10="20,5 a 35",5,"Fuera de rango"))))))) -> 1 | AA10: 23 | AB10: =IF(AA10="","",IF(AND(AA10>=0,AA10<=9),"0 a 9",IF(AND(AA10>=9.5,AA10<=18.5),"9,5 a 18,5",IF(AA10=19,"19",IF(AND(AA10>=19.5,AA10<=28),"19,5 a 28",IF(AND(AA10>=28.5,AA10<=40),"28,5 a 40","Fuera de rango")))))) -> 19,5 a 28 | AC10: {=_xlfn.IFS(AB10="","",AB10="0 a 9",1,AB10="9,5 a 18,5",2,AB10="19","NORMA",AB10="19,5 a 28",3,AB10="28,5 a 40",4,TRUE(),"Fuera de rango")} -> 3 | AD10: 5 | AE10: =IF(AD10="","",IF(AND(AD10>=-10,AD10<=0),"De -10 a 0",IF(AND(AD10>=0.5,AD10<=9.5),"0,5 a 9,5",IF(AD10=10,"10",IF(AND(AD10>=10.5,AD10<=20),"10,5 a 20",IF(AND(AD10>=20.5,AD10<=40),"20,5 a 40","Fuera de rango")))))) -> 0,5 a 9,5 | AF10: =IF(AD10="","",IF(AND(AD10>=-10,AD10<=0),1,IF(AND(AD10>=0.5,AD10<=9.5),2,IF(AD10=10,"NORMA",IF(AND(AD10>=10.5,AD10<=20),3,IF(AND(AD10>=20.5,AD10<=40),4,"")))))) -> 2 | AH10: =IF(AG10="","",IF(AND(AG10>=0,AG10<=4),"0 a 4",IF(AND(AG10>=4.5,AG10<=8.5),"4,5 a 8,5",IF(AG10=9,"9",IF(AND(AG10>=9.5,AG10<=13),"9,5 a 13",IF(AND(AG10>=13.5,AG10<=25),"13,5 a 25","Fuera de rango")))))) | AI10: =IF(AH10="","",IF(AH10="0 a 4",1,IF(AH10="4,5 a 8,5",2,IF(AH10="9","NORMA",IF(AH10="9,5 a 13",3,IF(AH10="13,5 a 25",4,"")))))) | AJ10: 2 | AK10: =IF(AJ10="","",IF(AND(AJ10>=-15,AJ10<=-10.5),"-15 a -10,5",IF(AND(AJ10>=-10,AJ10<=-4),"-10 a -4",IF(AND(AJ10>=-4.5,AJ10<=0),"-4,5 a 0",IF(AND(AJ10>=0.5,AJ10<=4.5),"0,5 a 4,5",IF(AJ10=5,"5",IF(AND(AJ10>=5.5,AJ10<=10),"5,5 a 10",IF(AND(AJ10>=10.5,AJ10<=20),"10,5 a 20","Fuera de rango")))))))) -> 0,5 a 4,5 | AL10: =IF(AK10="","",IF(AK10="-15 a -10,5",1,IF(AK10="-10 a -4",2,IF(AK10="-4,5 a 0",3,IF(AK10="0,5 a 4,5",4,IF(AK10="5","NORMA",IF(AK10="5,5 a 10",5,IF(AK10="10,5 a 20",6,"Error")))))))) -> 4 | AM10: -0.5 | AN10: =IF(AM10="","",IF(AND(AM10>=-7.5,AM10<=-5.5),"-7,5 a -5,5",IF(AND(AM10>=-5,AM10<=-3),"-5 a -3",IF(AND(AM10>=-2.5,AM10<=-0.5),"-2,5 a -0,5",IF(AM10=0,"0,00",IF(AND(AM10>=0.5,AM10<=2.5),"0,5 a 2,5",IF(AND(AM10>=3,AM10<=5),"3 a 5",IF(AND(AM10>=5.5,AM10<=7.5),"5,5 a 7,5",IF(AND(AM10>=8,AM10<=10),"8 a 10","Fuera de rango"))))))))) -> -2,5 a -0,5 | AO10: =IF(AN10="","",IF(AN10="-7,5 a -5,5",1,IF(AN10="-5 a -3",2,IF(AN10="-2,5 a -0,5",3,IF(AN10="0,00","NORMA",IF(AN10="0,5 a 2,5",4,IF(AN10="3 a 5",5,IF(AN10="5,5 a 7,5",6,IF(AN10="8 a 10",7,"Error"))))))))) -> 3 | AP10: -1.5 | AQ10: =IF(AP10="","",IF(AND(AP10>=-20,AP10<=-9.5),"-20 a -9,5",IF(AND(AP10>=-9,AP10<=-6.5),"-9 a -6,5",IF(AP10=-6,"-6",IF(AND(AP10>=-5.5,AP10<=-3),"-5,5 a -3",IF(AND(AP10>=-2.5,AP10<=0),"-2,5 a 0",IF(AND(AP10>=0.5,AP10<=3),"0,5 a 3",IF(AND(AP10>=3.5,AP10<=6),"3,5 a 6",IF(AND(AP10>=6.5,AP10<=9),"6,5 a 9",IF(AND(AP10>=9.5,AP10<=20),"9,5 a 20","Fuera de rango")))))))))) -> -2,5 a 0 | AR10: =IF(AQ10="","",IF(AQ10="-20 a -9,5",1,IF(AQ10="-9 a -6,5",2,IF(AQ10="-6","NORMA",IF(AQ10="-5,5 a -3",3,IF(AQ10="-2,5 a 0",4,IF(AQ10="0,5 a 3",5,IF(AQ10="3,5 a 6",6,IF(AQ10="6,5 a 9",7,IF(AQ10="9,5 a 20",8,"")))))))))) -> 4 | AS10: 2.5 | AT10: =IF(AS10="","",IF(AND(AS10>=-16,AS10<=-14),"-16 a -14",IF(AND(AS10>=-13.5,AS10<=-11.5),"-13,5 a -11,5",IF(AND(AS10>=-11,AS10<=-9),"-11 a -9",IF(AND(AS10>=-8.5,AS10<=-6.5),"-8,5 a -6,5",IF(AND(AS10>=-6,AS10<=-4),"-6 a -4",IF(AND(AS10>=-3.5,AS10<=-1.5),"-3,5 a -1,5",IF(AND(AS10>=-1,AS10<=1),"-1 a 1",IF(AND(AS10>=1.5,AS10<=3.5),"1,5 a 3,5",IF(AND(AS10>=4,AS10<=6),"4 a 6",IF(AND(AS10>=6.5,AS10<=8.5),"6,5 a 8,5",IF(AND(AS10>=9,AS10<=11),"9 a 11",IF(AND(AS10>=11.5,AS10<=13.5),"11,5 a 13,5",IF(AND(AS10>=14,AS10<=16),"14 a 16",IF(AND(AS10>=16.5,AS10<=18.5),"16,5 a 18,5",IF(AND(AS10>=19,AS10<=21),"19 a 21","Fuera de rango")))))))))))))))) -> 1,5 a 3,5 | AU10: {=IF(AT10="","",_xlfn.IFS(AT10="-16 a -14",1,AT10="-13,5 a -11,5",2,AT10="-11 a -9",3,AT10="-8,5 a -6,5",4,AT10="-6 a -4",5,AT10="-3,5 a -1,5",6,AT10="-1 a 1",7,AT10="1,5 a 3,5",8,AT10="4 a 6","NORMA",AT10="6,5 a 8,5",9,AT10="9 a 11",10,AT10="11,5 a 13,5",11,AT10="14 a 16",12,AT10="16,5 a 18,5",13,AT10="19 a 21",14,TRUE(),""))} -> 8 | AV10: 0.75 | AW10: =IF(AV10="","",IF(AND(AV10>=-1,AV10<=-0.5),"-1 a -0,5",IF(AND(AV10>-0.5,AV10<=0),"De -0,5 a 0",IF(AND(AV10>=0.25,AV10<=0.75),"0,25 a 0,75",IF(AND(AV10>=1,AV10<=1.5),"1 a 1,5",IF(AND(AV10>=1.75,AV10<=2.25),"1,75 a 2,25",IF(AND(AV10>=2.5,AV10<=3),"2,5 a 3",IF(AND(AV10>=3.25,AV10<=3.75),"3,25 a 3,75","Fuera de rango")))))))) -> 0,25 a 0,75 | AX10: =IF(AW10="","",IF(OR(AW10="-1 a -0,5",AW10="-1 a -0.5"),1,IF(OR(AW10="De -0,5 a 0",AW10="-0,5 a 0",AW10="De -0.5 a 0"),2,IF(OR(AW10="0,25 a 0,75",AW10="0.25 a 0.75"),"NORMA",IF(OR(AW10="1 a 1,5",AW10="1 a 1.5"),3,IF(OR(AW10="1,75 a 2,25",AW10="1.75 a 2.25"),4,IF(OR(AW10="2,5 a 3",AW10="2.5 a 3"),5,IF(OR(AW10="3,25 a 3,75",AW10="3.25 a 3.75"),6,"")))))))) -> NORMA | AY10: -5 | AZ10: =IF(AY10="","",IF(AND(AY10>=-20,AY10<=-9.5),"-20 a -9,5",IF(AND(AY10>=-9,AY10<=-6.5),"-9 a -6,5",IF(AY10=-6,"-6",IF(AND(AY10>=-5.5,AY10<=-3),"-5,5 a -3",IF(AND(AY10>=-2.5,AY10<=0),"-2,5 a 0",IF(AND(AY10>=0.5,AY10<=3),"0,5 a 3",IF(AND(AY10>=3.5,AY10<=6),"3,5 a 6","Fuera de rango")))))))) -> -5,5 a -3 | BA10: =IF(AZ10="","",IF(AZ10="-20 a -9,5",1,IF(AZ10="-9 a -6,5",2,IF(AZ10="-6","NORMA",IF(AZ10="-5,5 a -3",3,IF(AZ10="-2,5 a 0",4,IF(AZ10="0,5 a 3",5,IF(AZ10="3,5 a 6",6,"")))))))) -> 3 | BB10: 0 | BC10: {=IF(BB10="","",_xlfn.IFS(AND(BB10>=0,BB10<=2),"0 a 2",AND(BB10>=2.5,BB10<=4.5),"2,5 a 4,5",AND(BB10>=5,BB10<=7),"5 a 7",AND(BB10>=7.5,BB10<=9.5),"7,5 a 9,5",AND(BB10>=10,BB10<=12),"10 a 12",AND(BB10>=12.5,BB10<=14.5),"12,5 a 14,5",BB10=15,"15",AND(BB10>=15.5,BB10<=17.5),"15,5 a 17,5",AND(BB10>=18,BB10<=20),"18 a 20",AND(BB10>=20.5,BB10<=22.5),"20,5 a 22,5",AND(BB10>=23,BB10<=25),"23 a 25",TRUE(),"Fuera de rango"))} -> 0 a 2 | BD10: {=IF(BC10="","",_xlfn.IFS(BC10="0 a 2",1,BC10="2,5 a 4,5",2,BC10="5 a 7",3,BC10="7,5 a 9,5",4,BC10="10 a 12",5,BC10="12,5 a 14,5",6,BC10="15","NORMA",BC10="15,5 a 17,5",7,BC10="18 a 20",8,BC10="20,5 a 22,5",9,BC10="23 a 25",10,TRUE(),"Fuera de rango"))} -> 1 | BE10: 32 | BF10: =IF(BE10="","",IF(AND(BE10>=-20,BE10<=-10),"-20 a -10",IF(AND(BE10>=-9.5,BE10<=0.5),"-9,5 a 0,5",IF(AND(BE10>=1,BE10<=11),"1 a 11",IF(AND(BE10>=11.5,BE10<=20.5),"11,5 a 20,5",IF(BE10=21,"21",IF(AND(BE10>=21.5,BE10<=31.5),"21,5 a 31,5",IF(AND(BE10>=32,BE10<=42),"32 a 42","Fuera de rango")))))))) -> 32 a 42 | BG10: =IF(BF10="","",IF(BF10="-20 a -10",1,IF(BF10="-9,5 a 0,5",2,IF(BF10="1 a 11",3,IF(BF10="11,5 a 20,5",4,IF(BF10="21","NORMA",IF(BF10="21,5 a 31,5",5,IF(BF10="32 a 42",6,"")))))))) -> 6 | BH10: 18 | BI10: =IF(BH10="","",IF(AND(BH10>=-20,BH10<=-15),"-20 a -15",IF(AND(BH10>=-14.5,BH10<=-9.5),"-14,5 a -9,5",IF(AND(BH10>=-9,BH10<=-4),"-9 a -4",IF(AND(BH10>=-3.5,BH10<=2.5),"-3,5 a 2,5",IF(AND(BH10>=3,BH10<=8),"3 a 8",IF(AND(BH10>=8.5,BH10<=14.5),"8,5 a 14,5",IF(BH10=15,"15",IF(AND(BH10>=15.5,BH10<=20.5),"15,5 a 20,5",IF(AND(BH10>=21,BH10<=26),"21 a 26","Fuera de rango")))))))))) -> 15,5 a 20,5 | BJ10: =IF(BI10="","",IF(BI10="-20 a -15",1,IF(BI10="-14,5 a -9,5",2,IF(BI10="-9 a -4",3,IF(BI10="-3,5 a 2,5",4,IF(BI10="3 a 8",5,IF(BI10="8,5 a 14,5",6,IF(BI10="15","NORMA",IF(BI10="15,5 a 20,5",7,IF(BI10="21 a 26",8,IF(BI10="26,5 a 31,5",9,""))))))))))) -> 7 | BK10: 0 | BL10: =IF(BK10="","",IF(AND(BK10>=0,BK10<=2),"0 - 2",IF(AND(BK10>=2.5,BK10<=4.5),"2,5 - 4,5",IF(AND(BK10>=5,BK10<=7),"5 - 7",IF(AND(BK10>=7.5,BK10<=9.5),"7,5 - 9,5",IF(AND(BK10>=10,BK10<=12),"10 - 12",IF(AND(BK10>=12.5,BK10<=13.5),"12,5 - 13,5",IF(BK10=14,"14",IF(AND(BK10>=14.5,BK10<=16.5),"14,5 - 16,5",IF(AND(BK10>=17,BK10<=19),"17 - 19",IF(AND(BK10>=19.5,BK10<=21.5),"19,5 - 21,5",IF(AND(BK10>=22,BK10<=24),"22 - 24",IF(AND(BK10>=24.5,BK10<=26.5),"24,5 - 26,5",IF(AND(BK10>=27,BK10<=29),"27 - 29",IF(AND(BK10>=29.5,BK10<=30),"29,5 - 30","Fuera de rango"))))))))))))))) -> 0 - 2 | BM10: =IF(BL10="","",IF(BL10="0 - 2",1,IF(BL10="2,5 - 4,5",2,IF(BL10="5 - 7",3,IF(BL10="7,5 - 9,5",4,IF(BL10="10 - 12",5,IF(BL10="12,5 - 13,5",6,IF(BL10="14","NORMA",IF(BL10="14,5 - 16,5",7,IF(BL10="17 - 19",8,IF(BL10="19,5 - 21,5",9,IF(BL10="22 - 24",10,IF(BL10="24,5 - 26,5",11,IF(BL10="27 - 29",12,IF(BL10="29,5 - 30",13,""))))))))))))))) -> 1 | BN10: 13 | BO10: =IF(BN10="","",IF(AND(BN10>=-20,BN10<=-10),"-20 a -10",IF(AND(BN10>=-9.5,BN10<=0.5),"-9,5 a 0,5",IF(AND(BN10>=1,BN10<=11),"1 a 11",IF(AND(BN10>=11.5,BN10<=21.5),"11,5 a 21,5",IF(BN10=22,"22",IF(AND(BN10>=22.5,BN10<=32.5),"22,5 a 32,5",IF(AND(BN10>=33,BN10<=43),"33 a 43","Fuera de rango")))))))) -> 11,5 a 21,5 | BP10: =IF(BO10="","",IF(BO10="-20 a -10",1,IF(BO10="-9,5 a 0,5",2,IF(BO10="1 a 11",3,IF(BO10="11,5 a 21,5",4,IF(BO10="22","NORMA",IF(BO10="22,5 a 32,5",5,IF(BO10="33 a 43",6,"")))))))) -> 4 | BQ10: 5 | BR10: =IF(BQ10="","",IF(AND(BQ10>=-20,BQ10<=-15),"-20 a -15",IF(AND(BQ10>=-14.5,BQ10<=-9.5),"-14,5 a -9,5",IF(AND(BQ10>=-9,BQ10<=-4),"-9 a -4",IF(AND(BQ10>=-3.5,BQ10<=2.5),"-3,5 a 2,5",IF(AND(BQ10>=3,BQ10<=8),"3 a 8",IF(AND(BQ10>=8.5,BQ10<=13.5),"8,5 a 13,5",IF(AND(BQ10>=14,BQ10<=17.5),"14 a 17,5",IF(BQ10=18,"18",IF(AND(BQ10>=18.5,BQ10<=23.5),"18,5 a 23,5",IF(AND(BQ10>=24,BQ10<=29),"24 a 29",IF(AND(BQ10>=29.5,BQ10<=34.5),"29,5 a 34,5",IF(AND(BQ10>=35,BQ10<=40),"35 a 40","Fuera de rango"))))))))))))) -> 3 a 8 | BS10: =IF(BR10="","",IF(BR10="-20 a -15",1,IF(BR10="-14,5 a -9,5",2,IF(BR10="-9 a -4",3,IF(BR10="-3,5 a 2,5",4,IF(BR10="3 a 8",5,IF(BR10="8,5 a 13,5",6,IF(BR10="14 a 17,5",7,IF(BR10="18","NORMA",IF(BR10="18,5 a 23,5",8,IF(BR10="24 a 29",9,IF(BR10="29,5 a 34,5",10,IF(BR10="35 a 40",11,""))))))))))))) -> 5 | BT10: -1 | BU10: =IF(BT10="","",IF(AND(BT10>=-20,BT10<=-18),"-20 a -18",IF(AND(BT10>=-17.5,BT10<=-15.5),"-17,5 a -15,5",IF(AND(BT10>=-15,BT10<=-13),"-15 a -13",IF(AND(BT10>=-12.5,BT10<=-10.5),"-12,5 a -10,5",IF(AND(BT10>=-10,BT10<=-8),"-10 a -8",IF(AND(BT10>=-7.5,BT10<=-5.5),"-7,5 a -5,5",IF(AND(BT10>=-5,BT10<=-3),"-5 a -3",IF(AND(BT10>=-2.5,BT10<=-0.5),"-2,5 a -0,5",IF(BT10=0,"0",IF(AND(BT10>=0.5,BT10<=2.5),"0,5 a 2,5",IF(AND(BT10>=3,BT10<=5),"3 a 5",IF(AND(BT10>=5.5,BT10<=7.5),"5,5 a 7,5",IF(AND(BT10>=8,BT10<=10),"8 a 10",IF(AND(BT10>=10.5,BT10<=12.5),"10,5 a 12,5",IF(AND(BT10>=13,BT10<=15),"13 a 15",IF(AND(BT10>=15.5,BT10<=17.5),"15,5 a 17,5",IF(AND(BT10>=18,BT10<=20),"18 a 20","Fuera de rango")))))))))))))))))) -> -2,5 a -0,5 | BV10: =IF(BT10="","",IF(BT10=0,"NORMA",IF(AND(BT10>=-20,BT10<=-18),2,IF(AND(BT10>=-17.5,BT10<=-15.5),2,IF(AND(BT10>=-15,BT10<=-13),3,IF(AND(BT10>=-12.5,BT10<=-10.5),4,IF(AND(BT10>=-10,BT10<=-8),5,IF(AND(BT10>=-7.5,BT10<=-5.5),6,IF(AND(BT10>=-5,BT10<=-3),7,IF(AND(BT10>=-2.5,BT10<=-0.5),8,IF(AND(BT10>=0.5,BT10<=2.5),9,IF(AND(BT10>=3,BT10<=5),10,IF(AND(BT10>=5.5,BT10<=7.5),11,IF(AND(BT10>=8,BT10<=10),12,IF(AND(BT10>=10.5,BT10<=12.5),13,IF(AND(BT10>=13,BT10<=15),14,IF(AND(BT10>=15.5,BT10<=17.5),15,IF(AND(BT10>=18,BT10<=20),16,"Fuera de rango")))))))))))))))))) -> 8 | BW10: -4.75 | BX10: =18.5- (0.3*H10) -> 14.3 | BY10: =(BW10)-(BX10) -> -19.05 | BZ10: =IF(BY10="","",IF(BY10<-27.5,"De -30 a -28",IF(BY10<-25,"De -27,5 a -25,5",IF(BY10<-22.5,"De -25 a -23",IF(BY10<-20,"De -22,5 a -20,5",IF(BY10<-17.5,"De -20 a -18",IF(BY10<-15,"De -17,5 a -15,5",IF(BY10<-12.5,"De -15 a -13",IF(BY10<-10,"De -12,5 a -10,5",IF(BY10<-7.5,"De -10 a -8",IF(BY10<-5,"De -7,5 a -5,5",IF(BY10<-2.5,"De -5 a -3",IF(BY10<0,"De -2,5 a -0,5",IF(BY10<2.5,"De 0 a 2",IF(BY10<5,"De 2,5 a 4,5",IF(BY10<7.5,"De 5 a 7",IF(BY10<10,"De 7,5 a 9,5",IF(BY10<12.5,"De 10 a 12",IF(BY10<15,"De 12,5 a 14,5",IF(BY10<17.5,"De 15 a 17",IF(BY10<20,"De 17,5 a 19,5",IF(BY10<22.5,"De 20 a 22",IF(BY10<25,"De 22,5 a 24,5",IF(BY10<27.5,"De 25 a 27","De 27,5 a 30")))))))))))))))))))))))) -> De -20 a -18 | CA10: =IF(BY10="","",IF(BY10<=-28,1,IF(BY10<=-25.5,2,IF(BY10<=-23,3,IF(BY10<=-20.5,4,IF(BY10<=-18,5,IF(BY10<=-15.5,6,IF(BY10<=-13,7,IF(BY10<=-10.5,8,IF(BY10<=-8,9,IF(BY10<=-5.5,10,IF(BY10<=-3,11,IF(BY10<=-0.5,12,IF(BY10<=2,13,IF(BY10<=4.5,14,IF(BY10<=7,15,IF(BY10<=9.5,16,IF(BY10<=12,17,IF(BY10<=14.5,18,IF(BY10<=17,19,IF(BY10<=19.5,20,IF(BY10<=22,21,IF(BY10<=24.5,22,IF(BY10<=27,23,IF(BY10<=30,24,"Fuera de rango"))))))))))))))))))))))))) -> 5 | CB10: -4.75 | CC10: =18.5- (0.3*H10) -> 14.3 | CD10: =(CB10)-(CC10) -> -19.05 | CE10: =IF(CD10="","",IF(CD10<-27.5,"De -30 a -28",IF(CD10<-25,"De -27,5 a -25,5",IF(CD10<-22.5,"De -25 a -23",IF(CD10<-20,"De -22,5 a -20,5",IF(CD10<-17.5,"De -20 a -18",IF(CD10<-15,"De -17,5 a -15,5",IF(CD10<-12.5,"De -15 a -13",IF(CD10<-10,"De -12,5 a -10,5",IF(CD10<-7.5,"De -10 a -8",IF(CD10<-5,"De -7,5 a -5,5",IF(CD10<-2.5,"De -5 a -3",IF(CD10<0,"De -2,5 a -0,5",IF(CD10<=2,"De 0 a 2",IF(CD10<=4.5,"De 2,5 a 4,5",IF(CD10<=7,"De 5 a 7",IF(CD10<=9.5,"De 7,5 a 9,5",IF(CD10<=12,"De 10 a 12",IF(CD10<=14.5,"De 12,5 a 14,5",IF(CD10<=17,"De 15 a 17",IF(CD10<=19.5,"De 17,5 a 19,5",IF(CD10<=22,"De 20 a 22",IF(CD10<=24.5,"De 22,5 a 24,5",IF(CD10<=27,"De 25 a 27","De 27,5 a 30")))))))))))))))))))))))) -> De -20 a -18 | CF10: =IF(CD10="","",IF(CD10<-27.5,1,IF(CD10<-25,2,IF(CD10<-22.5,3,IF(CD10<-20,4,IF(CD10<-17.5,5,IF(CD10<-15,6,IF(CD10<-12.5,7,IF(CD10<-10,8,IF(CD10<-7.5,9,IF(CD10<-5,10,IF(CD10<-2.5,11,IF(CD10<0,12,IF(CD10<2.5,13,IF(CD10<5,14,IF(CD10<7.5,15,IF(CD10<10,16,IF(CD10<12.5,17,IF(CD10<15,18,IF(CD10<17.5,19,IF(CD10<20,20,IF(CD10<22.5,21,IF(CD10<25,22,IF(CD10<27.5,23,24)))))))))))))))))))))))) -> 5 | CG10: -2.5 | CH10: =IF(CG10="","",IF(AND(CG10>=-10,CG10<=-9.5),"-10 a -9,5",IF(AND(CG10>-9.5,CG10<=-8.5),"-9 a -8,5",IF(AND(CG10>-8.5,CG10<=-7.5),"-8 a -7,5",IF(AND(CG10>-7.5,CG10<=-6.5),"-7 a -6,5",IF(AND(CG10>-6.5,CG10<=-5.5),"-6 a -5,5",IF(AND(CG10>-5.5,CG10<=-4.5),"-5 a -4,5",IF(AND(CG10>-4.5,CG10<=-3.5),"-4 a -3,5",IF(AND(CG10>-3.5,CG10<=-2.5),"-3 a -2,5",IF(CG10=-2.25,"-2,25",IF(AND(CG10>-2.5,CG10<=-1.5),"-2 a -1,5",IF(AND(CG10>-1.5,CG10<=-0.5),"-1 a -0,5",IF(AND(CG10>-0.5,CG10<=0.5),"0 a 0,5",IF(AND(CG10>0.5,CG10<=1.5),"1 a 1,5",IF(AND(CG10>1.5,CG10<=2.5),"2 a 2,5",IF(AND(CG10>2.5,CG10<=3.5),"3 a 3,5",IF(AND(CG10>3.5,CG10<=4.5),"4 a 4,5",IF(AND(CG10>4.5,CG10<=5.5),"5 a 5,5",IF(AND(CG10>5.5,CG10<=6.5),"6 a 6,5",IF(AND(CG10>6.5,CG10<=7.5),"7 a 7,5",IF(AND(CG10>7.5,CG10<=8.5),"8 a 8,5",IF(AND(CG10>8.5,CG10<=9.5),"9 a 9,5",IF(CG10>=10,"10","Fuera de rango"))))))))))))))))))))))) -> -3 a -2,5 | CI10: =IF(CG10="","",IF(CG10=-2.25,"NORMA",IF(CG10<=-9.5,1,IF(CG10<=-8.5,2,IF(CG10<=-7.5,3,IF(CG10<=-6.5,4,IF(CG10<=-5.5,5,IF(CG10<=-4.5,6,IF(CG10<=-3.5,7,IF(CG10<=-2.5,8,IF(CG10<=-1.5,9,IF(CG10<=-0.5,10,IF(CG10<=0.5,11,IF(CG10<=1.5,12,IF(CG10<=2.5,13,IF(CG10<=3.5,14,IF(CG10<=4.5,15,IF(CG10<=5.5,16,IF(CG10<=6.5,17,IF(CG10<=7.5,18,IF(CG10<=8.5,19,IF(CG10<=9.5,20,IF(CG10=10,21,"Fuera de rango"))))))))))))))))))))))) -> 8 | CJ10: 2.5 | CK10: =IF(CJ10="","",IF(AND(CJ10>=-6,CJ10<=-5.5),"-6 a -5,5",IF(AND(CJ10>-5.5,CJ10<=-4.5),"-5 a -4,5",IF(AND(CJ10>-4.5,CJ10<=-3.5),"-4 a -3,5",IF(AND(CJ10>-3.5,CJ10<=-2.5),"-3 a -2,5",IF(AND(CJ10>-2.5,CJ10<=-1.5),"-2 a -1,5",IF(AND(CJ10>-1.5,CJ10<=-0.5),"-1 a -0,5",IF(AND(CJ10>-0.5,CJ10<=0.5),"0 a 0,5",IF(AND(CJ10>0.5,CJ10<=1.5),"1 a 1,5",IF(AND(CJ10>1.5,CJ10<2.5),"2",IF(AND(CJ10>=2.5,CJ10<=3),"2,5 a 3",IF(AND(CJ10>3,CJ10<=4),"3,5 a 4",IF(AND(CJ10>4,CJ10<=5),"4,5 a 5",IF(AND(CJ10>5,CJ10<=6),"5,5 a 6",IF(AND(CJ10>6,CJ10<=7),"6,5 a 7",IF(AND(CJ10>7,CJ10<=8),"7,5 a 8",IF(AND(CJ10>8,CJ10<=9.5),"8,5 a 9,5",IF(CJ10=10,"10","Fuera de rango")))))))))))))))))) -> 2,5 a 3 | CL10: =IF(CK10="","",IF(OR(CK10="-6 a -5,5",CK10="-6 - -5,5"),1,IF(OR(CK10="-5 a -4,5",CK10="-5 - -4,5"),2,IF(OR(CK10="-4 a -3,5",CK10="-4 - -3,5"),3,IF(OR(CK10="-3 a -2,5",CK10="-3 - -2,5"),4,IF(OR(CK10="-2 a -1,5",CK10="-2 - -1,5"),5,IF(OR(CK10="-1 a -0,5",CK10="-1 - -0,5"),6,IF(OR(CK10="0 a 0,5",CK10="0 - 0,5"),7,IF(OR(CK10="1 a 1,5",CK10="1 - 1,5"),8,IF(CK10="2","NORMA",IF(OR(CK10="2,5 a 3",CK10="2,5 - 3"),9,IF(OR(CK10="3,5 a 4",CK10="3,5 - 4"),10,IF(OR(CK10="4,5 a 5",CK10="4,5 - 5"),11,IF(OR(CK10="5,5 a 6",CK10="5,5 - 6"),12,IF(OR(CK10="6,5 a 7",CK10="6,5 - 7"),13,IF(OR(CK10="7,5 a 8",CK10="7,5 - 8"),14,IF(OR(CK10="8,5 a 9",CK10="8,5 - 9,5",CK10="9 a 9,5"),15,IF(CK10="10",15,IF(OR(CK10="0,5 a 1",CK10="0,5 - 1"),7,"Fuera de rango"))))))))))))))))))) -> 9 | CM10: 0 | CN10: =IF(CM10=0,"0", " ") -> 0 | CO10: =IF(CM10>0,"EME"," ") | CP10: 0 | CQ10: =IF(CP10>0,"0", " ") | CR10: =IF(CP10>0,"EME"," ") | CS10: 0 | CT10: =IF(CS10>0,"1", " ") | CU10: =IF(CS10>0,"HIP"," ") | CV10: 0 | CW10: =IF(CV10>0,"1", " ") | CX10: =IF(CV10>0,"HIP"," ") | CY10: -1 | CZ10: =IF(CY10<0,"2"," ") -> 2 | DA10: =IF(CY10<0,"MIO"," ") -> MIO | DB10: -1.25 | DC10: =IF(DB10<0,"2"," ") -> 2 | DD10: =IF(DB10<0,"MIO"," ") -> MIO | DE10: -0.5 | DF10: =IF(DE10<0,"3"," ") -> 3 | DG10: =IF(DE10<0,"AST"," ") -> AST | DH10: -0.5 | DI10: =IF(DH10<0,"3"," ") -> 3 | DJ10: =IF(DH10<0,"AST"," ") -> AST | DK10: 0 | DL10: =IF(DK10>0,"4"," ") | DM10: =IF(DK10>0,"PRE"," ") | DN10: 0 | DO10: =IF(DN10>0,"4"," ") | DP10: =IF(DN10>0,"PRE"," ") | DQ10: 2 | DR10: 2 | DS10: =CONCATENATE(CO10,CU10,DA10,DG10,DM10) -> MIOAST | DT10: {=_xlfn.IFS(DS10="EME ","0", DS10=" HIP ","1", DS10=" MIO ","2", DS10=" AST ","3", DS10=" PRE","4", DS10="EME PRE","5", DS10=" HIP PRE","6", DS10=" HIP AST ","7", DS10=" MIO PRE","8", DS10=" MIOAST ","9", DS10=" ASTPRE","10",DS10=" HIP ASTPRE","11", DS10=" MIOASTPRE","12", DS10=" ","0")} -> 9 | DU10: SI | DV10: {=_xlfn.IFS(DU10="SI","2", DU10="NO","1")} -> 2 | DW10: 0 | DX10: =IF(DW10=0,"1","2") -> 1 | DY10: {=_xlfn.IFS(DW10=0,"0", DW10=0.25, "1", DW10=0.5,"2", DW10=0.75,"3", DW10=1,"4",DW10=1.25,"5", DW10=1.5,"6", DW10=1.75,"7", DW10=2,"8")} -> 0 | DZ10: 0 | EA10: =IF(DZ10=0,"1","2") -> 1 | EB10: {=_xlfn.IFS(DZ10=0,"0", DZ10=0.25, "1", DZ10=0.5,"2", DZ10=0.75,"3", DZ10=1,"4",DZ10=1.25,"5", DZ10=1.5,"6", DZ10=1.75,"7", DZ10=2,"8")} -> 0 | EC10: -0.75 | ED10: =IF(EC10=0,"1","2") -> 2 | EE10: {=_xlfn.IFS(EC10=0,"0", EC10=-0.25, "1", EC10=-0.5,"2", EC10=-0.75,"3", EC10=-1,"4",EC10=-1.25,"5", EC10=-1.5,"6", EC10=-1.75,"7", EC10=-2,"8", EC10=-2.25,"9",EC10=-2.5,"10", EC10=-2.75,"11", EC10=-3,"12", EC10=-3.25,"13", EC10=-3.5,"14", EC10=-3.75,"15",EC10=-4,"16")} -> 3 | EF10: -0.25 | EG10: =IF(EF10=0,"1","2") -> 2 | EH10: {=_xlfn.IFS(EF10=0,"0", EF10=-0.25, "1", EF10=-0.5,"2", EF10=-0.75,"3", EF10=-1,"4",EF10=-1.25,"5", EF10=-1.5,"6", EF10=-1.75,"7", EF10=-2,"8", EF10=-2.25,"9",EF10=-2.5,"10", EF10=-2.75,"11", EF10=-3,"12", EF10=-3.25,"13", EF10=-3.5,"14", EF10=-3.75,"15",EF10=-4,"16")} -> 1 | EI10: -0.25 | EJ10: =IF(EI10=0,"1","2") -> 2 | EK10: {=_xlfn.IFS(EI10=0,"0", EI10=-0.25, "1", EI10=-0.5,"2", EI10=-0.75,"3", EI10=-1,"4",EI10=-1.25,"5", EI10=-1.5,"6", EI10=-1.75,"7", EI10=-2,"8", EI10=-2.25,"9", EI10=-2.25,"9",EI10=-2.5,"10", EI10=-2.75,"11", EI10=-3,"12", EI10=-3.25,"13", EI10=-3.5,"14", EI10=-3.75,"15",EI10=-4,"16", EI10=0.25, "17", EI10=0.5, "18")} -> 1 | EL10: -0.25 | EM10: =IF(EL10=0,"1","2") -> 2 | EN10: {=_xlfn.IFS(EL10=0.25,"17",EL10=0.5,"18", EL10=0,"0", EL10=-0.25, "1", EL10=-0.5,"2", EL10=-0.75,"3", EL10=-1,"4",EL10=-1.25,"5", EL10=-1.5,"6", EL10=-1.75,"7", EL10=-2,"8",EL10= -2.25,"9",EL10=-2.5,"10",EL10= -2.75,"11",EL10= -3,"12",EL10= -3.25,"13",EL10= -3.5,"14",EL10= -3.75,"15",EL10=-4,"16")} -> 1 | EO10: 0 | EP10: =IF(EO10=0,"1","2") -> 1 | EQ10: {=_xlfn.IFS(EO10=0,"0", EO10=0.25, "1", EO10=0.5,"2", EO10=0.75,"3", EO10=1,"4",EO10=1.25,"5", EO10=1.5,"6", EO10=1.75,"7", EO10=2,"8", EO10=2.25,"9", EO10=2.25,"9",EO10=2.5,"10", EO10=2.75,"11", EO10=3,"12", EO10=3.25,"13", EO10=3.5,"14", EO10=3.75,"15",EO10=4,"16", EO10=-0.25, "17", bq=-0.5, "18")} -> 0 | ER10: 0 | ES10: =IF(ER10=0,"1","2") -> 1 | ET10: {=_xlfn.IFS(ER10=0,"0", ER10=0.25, "1", ER10=0.5,"2", ER10=0.75,"3", ER10=1,"4",ER10=1.25,"5", ER10=1.5,"6", ER10=1.75,"7", ER10=2,"8", ER10=2.25,"9", ER10=2.25,"9",ER10=2.5,"10", ER10=2.75,"11", ER10=3,"12", ER10=3.25,"13", ER10=3.5,"14", ER10=3.75,"15",ER10=4,"16", ER10=-0.25, "17", bq=-0.5, "18")} -> 0 | EU10: 12 | EV10: =VLOOKUP(EU10,LEYENDA!$G$2:$H$8,2,TRUE()) -> 6-12 | EW10: {=_xlfn.IFS(EV10="0-5","1", EV10="6-12","2", EV10="13-18","3", EV10="19-24","4", EV10="25-36","5", EV10="37-48","6", EV10="49-60","7")} -> 2
